run_id,topology_type,topology_nodes,topology_edges,traffic_model,failure_type,algorithm,track,eval_seed,train_seed,duration_ticks,total_completed_flows,mean_latency_ms,p50_latency_ms,p90_latency_ms,p95_latency_ms,p99_latency_ms,mean_throughput_mbps,total_throughput_mbps,packet_loss_rate,mean_jain_fairness,mean_peak_utilization,max_peak_utilization,mean_path_stretch,max_path_stretch,route_churn_rate,recovery_time_ticks,total_queries,fallback_count,fallback_ratio,mean_compute_latency_us,p95_compute_latency_us,mean_env_overhead_us,mean_path_solve_us
fat_tree_uniform_nominal_static_dijkstra_seed42,fat_tree,36,96,uniform,nominal,static_dijkstra,primary_valid_candidate,42,1001,25,225,4.733333333333333,5.5,7.0,7.0,7.0,36.2277344,905.69336,0.005108323831242874,0.11823067767963095,0.625743969208035,1.0,1.0,1.0,0.0,,250,0,0.0,95.8744,153.4,0.0,95.8744
fat_tree_uniform_nominal_static_dijkstra_seed43,fat_tree,36,96,uniform,nominal,static_dijkstra,primary_valid_candidate,43,1002,25,226,4.407079646017699,5.0,7.0,7.0,7.0,36.36562463999999,909.1406159999999,0.0,0.11672886025558991,0.6198751063486413,1.0,1.0,1.0,0.0,,250,0,0.0,82.9712,141.14499999999992,0.0,82.9712
fat_tree_uniform_nominal_static_dijkstra_seed44,fat_tree,36,96,uniform,nominal,static_dijkstra,primary_valid_candidate,44,1003,25,222,4.364864864864865,5.0,7.0,7.0,7.0,31.943114239999996,798.5778559999999,0.0026425290462037286,0.106478979711061,0.6688366761424569,1.0,1.0,1.0,0.0,,250,0,0.0,73.3004,119.50999999999999,0.0,73.3004
fat_tree_uniform_nominal_dynamic_dijkstra_seed42,fat_tree,36,96,uniform,nominal,dynamic_dijkstra,primary_valid_candidate,42,1001,25,225,4.8,5.5,7.0,7.0,7.0,36.172989120000004,904.324728,0.00657576765325352,0.11805161365894218,0.6502476282739417,1.0,1.027120315581854,3.0,0.013313609467455622,,250,0,0.0,97.0316,138.10999999999999,0.0,97.0316
fat_tree_uniform_nominal_dynamic_dijkstra_seed43,fat_tree,36,96,uniform,nominal,dynamic_dijkstra,primary_valid_candidate,43,1002,25,225,4.466666666666667,5.0,7.0,7.0,7.0,36.07039424,901.7598559999999,0.004555935098206661,0.11740354518117907,0.6427865503537556,1.0,1.0247014115092292,3.0,0.03257328990228013,,250,0,0.0,85.1808,146.47999999999996,0.0,85.1808
fat_tree_uniform_nominal_dynamic_dijkstra_seed44,fat_tree,36,96,uniform,nominal,dynamic_dijkstra,primary_valid_candidate,44,1003,25,222,4.387387387387387,5.0,7.0,7.0,7.0,31.895534399999995,797.3883599999999,0.00640913508260447,0.10820674959327281,0.6604458241248675,1.0,1.0130932896890343,3.0,0.02127659574468085,,250,0,0.0,85.49560000000001,141.41,0.0,85.49560000000001
fat_tree_uniform_nominal_ecmp_seed42,fat_tree,36,96,uniform,nominal,ecmp,primary_valid_candidate,42,1001,25,225,4.733333333333333,5.5,7.0,7.0,7.0,36.2277344,905.69336,0.005108323831242874,0.11802094187539718,0.6296545505436205,1.0,1.0,1.0,0.0,,250,0,0.0,178.3992,324.8749999999999,0.0,178.3992
fat_tree_uniform_nominal_ecmp_seed43,fat_tree,36,96,uniform,nominal,ecmp,primary_valid_candidate,43,1002,25,226,4.407079646017699,5.0,7.0,7.0,7.0,36.36562463999999,909.1406159999999,0.0,0.11646601394081026,0.6198751063486413,1.0,1.0,1.0,0.0,,250,0,0.0,165.4572,340.69999999999993,0.0,165.4572
fat_tree_uniform_nominal_ecmp_seed44,fat_tree,36,96,uniform,nominal,ecmp,primary_valid_candidate,44,1003,25,222,4.364864864864865,5.0,7.0,7.0,7.0,31.943114239999996,798.5778559999999,0.0026425290462037286,0.10632850056708942,0.6688366761424569,1.0,1.0,1.0,0.0,,250,0,0.0,159.4872,333.4249999999999,0.0,159.4872
fat_tree_uniform_nominal_ai_xgboost_seed42,fat_tree,36,96,uniform,nominal,ai_xgboost,primary_valid_candidate,42,1001,25,225,4.733333333333333,5.5,7.0,7.0,7.0,36.2277344,905.69336,0.005108323831242874,0.1181298186478086,0.625743969208035,1.0,1.0,1.0,0.003003003003003003,,250,0,0.0,3941.1544,4530.714999999999,0.0,3941.1544
fat_tree_uniform_nominal_ai_xgboost_seed43,fat_tree,36,96,uniform,nominal,ai_xgboost,primary_valid_candidate,43,1002,25,226,4.469026548672566,5.0,7.0,7.0,7.0,36.36562463999999,909.1406159999999,0.0,0.11556234053550417,0.6434994707176219,1.0,1.0205962059620597,3.0,0.0032520325203252032,,250,0,0.0,3812.4168,4408.089999999999,0.0,3812.4168
fat_tree_uniform_nominal_ai_xgboost_seed44,fat_tree,36,96,uniform,nominal,ai_xgboost,primary_valid_candidate,44,1003,25,222,4.382882882882883,5.0,7.0,7.0,7.0,31.943114239999996,798.5778559999999,0.0026425290462037286,0.1085202883137516,0.6676038401874668,1.0,1.0065573770491802,3.0,0.011475409836065573,,250,0,0.0,3685.484,4271.87,0.0,3685.484
fat_tree_uniform_nominal_rl_ppo_seed42,fat_tree,36,96,uniform,nominal,rl_ppo,auxiliary_rl_diagnostic,42,1001,25,225,4.733333333333333,5.5,7.0,7.0,7.0,36.2277344,905.69336,0.005108323831242874,0.11823067767963095,0.625743969208035,1.0,1.0,1.0,0.0,,250,230,0.92,4710.7516,6676.1449999999995,0.0,4710.7516
fat_tree_uniform_nominal_rl_ppo_seed43,fat_tree,36,96,uniform,nominal,rl_ppo,auxiliary_rl_diagnostic,43,1002,25,226,4.407079646017699,5.0,7.0,7.0,7.0,36.36562463999999,909.1406159999999,0.0,0.11672886025558991,0.6198751063486413,1.0,1.0,1.0,0.0,,250,229,0.916,4343.0527999999995,6109.764999999999,0.0,4343.0527999999995
fat_tree_uniform_nominal_rl_ppo_seed44,fat_tree,36,96,uniform,nominal,rl_ppo,auxiliary_rl_diagnostic,44,1003,25,222,4.364864864864865,5.0,7.0,7.0,7.0,31.943114239999996,798.5778559999999,0.0026425290462037286,0.106478979711061,0.6688366761424569,1.0,1.0,1.0,0.0,,250,225,0.9,4444.2044000000005,6158.524999999998,0.0,4444.2044000000005
fat_tree_uniform_single_link_cut_static_dijkstra_seed42,fat_tree,36,96,uniform,single_link_cut,static_dijkstra,primary_valid_candidate,42,1001,25,225,4.751111111111111,5.5,7.0,7.0,7.0,36.2277344,905.69336,0.005328047571853321,0.1193682294994866,0.6256881266157828,1.0,0.9990019960079841,1.0,0.0014970059880239522,0.0,251,0,0.0,172.85219123505973,361.6,0.0,172.85219123505973
fat_tree_uniform_single_link_cut_static_dijkstra_seed43,fat_tree,36,96,uniform,single_link_cut,static_dijkstra,primary_valid_candidate,43,1002,25,225,4.415555555555556,5.0,7.0,7.0,7.0,36.0530336,901.32584,0.004113331075742183,0.11630845927709292,0.6203645260432524,1.0,0.9991749174917491,1.0,0.0016501650165016502,0.0,251,0,0.0,146.5382470119522,331.9,0.0,146.5382470119522
fat_tree_uniform_single_link_cut_static_dijkstra_seed44,fat_tree,36,96,uniform,single_link_cut,static_dijkstra,primary_valid_candidate,44,1003,25,222,4.382882882882883,5.0,7.0,7.0,7.0,31.943114239999996,798.5778559999999,0.0026425290462037286,0.10673024695535435,0.6688366761424569,1.0,1.0,1.0,0.003278688524590164,0.0,251,0,0.0,148.43585657370517,364.9,0.0,148.43585657370517
fat_tree_uniform_single_link_cut_dynamic_dijkstra_seed42,fat_tree,36,96,uniform,single_link_cut,dynamic_dijkstra,primary_valid_candidate,42,1001,25,225,4.8,5.5,7.0,7.0,7.0,36.172989120000004,904.324728,0.00657576765325352,0.11873278194449728,0.6505702905513622,1.0,1.0216962524654831,3.0,0.014792899408284023,0.0,251,0,0.0,163.83027888446216,356.2,0.0,163.83027888446216
fat_tree_uniform_single_link_cut_dynamic_dijkstra_seed43,fat_tree,36,96,uniform,single_link_cut,dynamic_dijkstra,primary_valid_candidate,43,1002,25,225,4.466666666666667,5.0,7.0,7.0,7.0,36.07039424,901.7598559999999,0.004555935098206661,0.11778965122330572,0.6427865503537556,1.0,1.0247014115092292,3.0,0.03257328990228013,0.0,250,0,0.0,154.4764,417.7099999999996,0.0,154.4764
fat_tree_uniform_single_link_cut_dynamic_dijkstra_seed44,fat_tree,36,96,uniform,single_link_cut,dynamic_dijkstra,primary_valid_candidate,44,1003,25,222,4.405405405405405,5.0,7.0,7.0,7.0,31.895534399999995,797.3883599999999,0.00640913508260447,0.10883691741877413,0.6604458241248675,1.0,1.0122349102773247,3.0,0.022838499184339316,0.0,251,0,0.0,137.97171314741036,328.25,0.0,137.97171314741036
fat_tree_uniform_single_link_cut_ecmp_seed42,fat_tree,36,96,uniform,single_link_cut,ecmp,primary_valid_candidate,42,1001,25,225,4.751111111111111,5.5,7.0,7.0,7.0,36.2277344,905.69336,0.005328047571853321,0.11917098746759848,0.6295987079513682,1.0,0.9990019960079841,1.0,0.0029940119760479044,0.0,251,0,0.0,332.8577689243027,799.35,0.0,332.8577689243027
fat_tree_uniform_single_link_cut_ecmp_seed43,fat_tree,36,96,uniform,single_link_cut,ecmp,primary_valid_candidate,43,1002,25,225,4.415555555555556,5.0,7.0,7.0,7.0,36.0530336,901.32584,0.004113331075742183,0.11599601456072405,0.6203645260432524,1.0,0.9991749174917491,1.0,0.0016501650165016502,0.0,251,0,0.0,326.7135458167331,815.15,0.0,326.7135458167331
fat_tree_uniform_single_link_cut_ecmp_seed44,fat_tree,36,96,uniform,single_link_cut,ecmp,primary_valid_candidate,44,1003,25,222,4.382882882882883,5.0,7.0,7.0,7.0,31.943114239999996,798.5778559999999,0.0026425290462037286,0.10672555517983313,0.6688366761424569,1.0,1.0,1.0,0.003278688524590164,0.0,251,0,0.0,307.24940239043826,635.75,0.0,307.24940239043826
fat_tree_uniform_single_link_cut_ai_xgboost_seed42,fat_tree,36,96,uniform,single_link_cut,ai_xgboost,primary_valid_candidate,42,1001,25,225,4.751111111111111,5.5,7.0,7.0,7.0,36.2277344,905.69336,0.005328047571853321,0.11926799785080419,0.6256881266157828,1.0,0.9990019960079841,1.0,0.004491017964071856,0.0,251,0,0.0,3975.962151394422,4708.95,0.0,3975.962151394422
fat_tree_uniform_single_link_cut_ai_xgboost_seed43,fat_tree,36,96,uniform,single_link_cut,ai_xgboost,primary_valid_candidate,43,1002,25,225,4.475555555555555,5.0,7.0,7.0,7.0,36.07039424,901.7598559999999,0.004555935098206661,0.11521149599694726,0.6434994707176219,1.0,1.0198154180238872,3.0,0.004885993485342019,0.0,251,0,0.0,3821.718326693227,4531.3,0.0,3821.718326693227
fat_tree_uniform_single_link_cut_ai_xgboost_seed44,fat_tree,36,96,uniform,single_link_cut,ai_xgboost,primary_valid_candidate,44,1003,25,222,4.400900900900901,5.0,7.0,7.0,7.0,31.943114239999996,798.5778559999999,0.0026425290462037286,0.10876374127076337,0.6676038401874668,1.0,1.0065359477124183,3.0,0.014705882352941176,0.0,251,0,0.0,3820.8972111553785,4450.45,0.0,3820.8972111553785
fat_tree_uniform_single_link_cut_rl_ppo_seed42,fat_tree,36,96,uniform,single_link_cut,rl_ppo,auxiliary_rl_diagnostic,42,1001,25,225,4.751111111111111,5.5,7.0,7.0,7.0,36.2277344,905.69336,0.005328047571853321,0.1193682294994866,0.6256881266157828,1.0,0.9990019960079841,1.0,0.0014970059880239522,0.0,251,232,0.9243027888446215,4537.639442231076,6803.549999999999,0.0,4537.639442231076
fat_tree_uniform_single_link_cut_rl_ppo_seed43,fat_tree,36,96,uniform,single_link_cut,rl_ppo,auxiliary_rl_diagnostic,43,1002,25,225,4.415555555555556,5.0,7.0,7.0,7.0,36.0530336,901.32584,0.004113331075742183,0.11630845927709292,0.6203645260432524,1.0,0.9991749174917491,1.0,0.0016501650165016502,0.0,251,231,0.9203187250996016,4048.0549800796816,6191.65,0.0,4048.0549800796816
fat_tree_uniform_single_link_cut_rl_ppo_seed44,fat_tree,36,96,uniform,single_link_cut,rl_ppo,auxiliary_rl_diagnostic,44,1003,25,222,4.382882882882883,5.0,7.0,7.0,7.0,31.943114239999996,798.5778559999999,0.0026425290462037286,0.10673024695535435,0.6688366761424569,1.0,1.0,1.0,0.003278688524590164,0.0,251,227,0.9043824701195219,4253.569322709164,6324.1,0.0,4253.569322709164
fat_tree_hotspot_nominal_static_dijkstra_seed42,fat_tree,36,96,hotspot,nominal,static_dijkstra,primary_valid_candidate,42,1001,25,453,4.129139072847682,3.5,6.5,6.5,7.0,72.59059808,1814.7649520000002,0.0,0.13258640156006496,0.8607919727092415,1.0,1.0,1.0,0.0,,500,0,0.0,76.37819999999999,116.04999999999995,0.0,76.37819999999999
fat_tree_hotspot_nominal_static_dijkstra_seed43,fat_tree,36,96,hotspot,nominal,static_dijkstra,primary_valid_candidate,43,1002,25,463,3.958963282937365,3.5,6.5,6.5,7.0,75.7010688,1892.52672,0.005842703325983496,0.1463873979366223,0.6824511070837859,1.0,1.0,1.0,0.0,,500,0,0.0,74.28880000000001,115.905,0.0,74.28880000000001
fat_tree_hotspot_nominal_static_dijkstra_seed44,fat_tree,36,96,hotspot,nominal,static_dijkstra,primary_valid_candidate,44,1003,25,460,3.9293478260869565,3.5,6.5,6.5,7.0,73.98421760000001,1849.60544,0.0009555273189326556,0.13316955564631153,0.6901459813478605,1.0,1.0,1.0,0.0,,500,0,0.0,71.3604,113.27499999999993,0.0,71.3604
fat_tree_hotspot_nominal_dynamic_dijkstra_seed42,fat_tree,36,96,hotspot,nominal,dynamic_dijkstra,primary_valid_candidate,42,1001,25,451,4.248337028824833,3.5,6.5,7.0,7.5,72.33544959999999,1808.3862399999998,0.0,0.13636382357778654,0.8567650037357022,1.0,1.0497557997557998,3.0,0.09432234432234432,,500,0,0.0,77.136,124.91,0.0,77.136
fat_tree_hotspot_nominal_dynamic_dijkstra_seed43,fat_tree,36,96,hotspot,nominal,dynamic_dijkstra,primary_valid_candidate,43,1002,25,459,3.994553376906318,3.5,6.5,6.5,7.0,75.17671104000001,1879.4177760000002,0.002365823309829946,0.14640025861532574,0.6888950672248981,1.0,1.0271356783919598,2.0,0.07738693467336684,,500,0,0.0,70.16860000000001,107.00999999999999,0.0,70.16860000000001
fat_tree_hotspot_nominal_dynamic_dijkstra_seed44,fat_tree,36,96,hotspot,nominal,dynamic_dijkstra,primary_valid_candidate,44,1003,25,458,3.953056768558952,3.5,6.5,6.5,7.0,73.72205024,1843.051256,0.0002672915039486245,0.14254465101413963,0.6745957452809747,1.0,1.015428958969142,2.0,0.06002034587995931,,500,0,0.0,68.68719999999999,124.60999999999999,0.0,68.68719999999999
fat_tree_hotspot_nominal_ecmp_seed42,fat_tree,36,96,hotspot,nominal,ecmp,primary_valid_candidate,42,1001,25,453,4.129139072847682,3.5,6.5,6.5,7.0,72.59059808,1814.7649520000002,0.0,0.13352524619020786,0.8387353673722383,1.0,1.0,1.0,0.0,,500,0,0.0,136.6442,340.38999999999993,0.0,136.6442
fat_tree_hotspot_nominal_ecmp_seed43,fat_tree,36,96,hotspot,nominal,ecmp,primary_valid_candidate,43,1002,25,463,3.958963282937365,3.5,6.5,6.5,7.0,75.7010688,1892.52672,0.005842703325983496,0.1466592376081978,0.6765865137451348,1.0,1.0,1.0,0.0,,500,0,0.0,144.94240000000002,377.525,0.0,144.94240000000002
fat_tree_hotspot_nominal_ecmp_seed44,fat_tree,36,96,hotspot,nominal,ecmp,primary_valid_candidate,44,1003,25,460,3.9293478260869565,3.5,6.5,6.5,7.0,73.98421760000001,1849.60544,0.0009555273189326556,0.13406665176238583,0.6852490159321136,1.0,1.0,1.0,0.0,,500,0,0.0,134.2158,330.4999999999992,0.0,134.2158
fat_tree_hotspot_nominal_ai_xgboost_seed42,fat_tree,36,96,hotspot,nominal,ai_xgboost,primary_valid_candidate,42,1001,25,451,4.1906873614190685,3.5,6.5,7.0,7.0,72.33544959999999,1808.3862399999998,0.0,0.13465446487357702,0.8607919727092415,1.0,1.0291201982651799,3.0,0.026022304832713755,,500,0,0.0,3749.1328,4527.29,0.0,3749.1328
fat_tree_hotspot_nominal_ai_xgboost_seed43,fat_tree,36,96,hotspot,nominal,ai_xgboost,primary_valid_candidate,43,1002,25,459,3.974945533769063,3.5,6.5,6.5,7.0,75.19359552,1879.839888,0.0037734401245943464,0.14609894830977993,0.686070626535821,1.0,1.0128726287262872,2.0,0.012195121951219513,,500,0,0.0,3623.8475999999996,4226.635,0.0,3623.8475999999996
fat_tree_hotspot_nominal_ai_xgboost_seed44,fat_tree,36,96,hotspot,nominal,ai_xgboost,primary_valid_candidate,44,1003,25,460,3.9467391304347825,3.5,6.5,6.5,7.0,73.98421760000001,1849.60544,0.0009555273189326556,0.13420702822287567,0.6976075326580582,1.0,1.0119169220292816,2.0,0.021450459652706845,,500,0,0.0,3714.4592000000002,4315.1,0.0,3714.4592000000002
fat_tree_hotspot_nominal_rl_ppo_seed42,fat_tree,36,96,hotspot,nominal,rl_ppo,auxiliary_rl_diagnostic,42,1001,25,453,4.129139072847682,3.5,6.5,6.5,7.0,72.59059808,1814.7649520000002,0.0,0.13258640156006496,0.8607919727092415,1.0,1.0,1.0,0.0,,500,404,0.808,4346.644199999999,6114.189999999999,0.0,4346.644199999999
fat_tree_hotspot_nominal_rl_ppo_seed43,fat_tree,36,96,hotspot,nominal,rl_ppo,auxiliary_rl_diagnostic,43,1002,25,463,3.958963282937365,3.5,6.5,6.5,7.0,75.7010688,1892.52672,0.005842703325983496,0.1463873979366223,0.6824511070837859,1.0,1.0,1.0,0.0,,500,389,0.778,4236.1586,6008.454999999997,0.0,4236.1586
fat_tree_hotspot_nominal_rl_ppo_seed44,fat_tree,36,96,hotspot,nominal,rl_ppo,auxiliary_rl_diagnostic,44,1003,25,460,3.9293478260869565,3.5,6.5,6.5,7.0,73.98421760000001,1849.60544,0.0009555273189326556,0.13316955564631153,0.6901459813478605,1.0,1.0,1.0,0.0,,500,390,0.78,4781.791,7661.0599999999995,0.0,4781.791
fat_tree_hotspot_single_link_cut_static_dijkstra_seed42,fat_tree,36,96,hotspot,single_link_cut,static_dijkstra,primary_valid_candidate,42,1001,25,453,4.235099337748345,3.5,6.5,7.0,10.5,72.59059808,1814.7649520000002,0.0,0.130260003299502,0.8886687150713024,1.0,0.995366079703429,1.3333333333333333,0.03614457831325301,1.0,512,0,0.0,154.4515625,414.28999999999996,0.0,154.4515625
fat_tree_hotspot_single_link_cut_static_dijkstra_seed43,fat_tree,36,96,hotspot,single_link_cut,static_dijkstra,primary_valid_candidate,43,1002,25,462,4.033549783549783,3.5,6.5,6.5,9.5,75.42680960000001,1885.6702400000001,0.005703289765121031,0.14603455328555803,0.6897616972717313,1.0,1.0015075376884421,3.0,0.02914572864321608,0.0,509,0,0.0,142.08330058939094,361.4799999999999,0.0,142.08330058939094
fat_tree_hotspot_single_link_cut_static_dijkstra_seed44,fat_tree,36,96,hotspot,single_link_cut,static_dijkstra,primary_valid_candidate,44,1003,25,460,4.025,3.5,6.5,7.0,9.5,73.98421760000001,1849.60544,0.0009555273189326556,0.133097019252766,0.6941045990470281,1.0,1.0026518966096005,1.6666666666666667,0.03423967774420947,0.0,509,0,0.0,125.68172888015717,308.0999999999999,0.0,125.68172888015717
fat_tree_hotspot_single_link_cut_dynamic_dijkstra_seed42,fat_tree,36,96,hotspot,single_link_cut,dynamic_dijkstra,primary_valid_candidate,42,1001,25,449,4.33630289532294,4.0,6.5,7.0,9.5,71.95100864,1798.775216,0.0,0.13507928302385663,0.8669177355529305,1.0,1.0713439905269388,3.0,0.0941385435168739,1.0,508,0,0.0,136.14212598425198,324.74999999999983,0.0,136.14212598425198
fat_tree_hotspot_single_link_cut_dynamic_dijkstra_seed43,fat_tree,36,96,hotspot,single_link_cut,dynamic_dijkstra,primary_valid_candidate,43,1002,25,459,4.069716775599129,3.5,6.5,7.0,8.130000000000024,75.2607872,1881.5196799999999,0.0012035590572573524,0.1483643637516192,0.6883684596792972,1.0,1.0433727034120734,3.0,0.08070866141732283,0.0,505,0,0.0,132.23742574257426,308.68,0.0,132.23742574257426
fat_tree_hotspot_single_link_cut_dynamic_dijkstra_seed44,fat_tree,36,96,hotspot,single_link_cut,dynamic_dijkstra,primary_valid_candidate,44,1003,25,456,4.053728070175438,3.5,6.5,7.0,8.674999999999983,73.48102207999999,1837.0255519999998,0.0002672915039486245,0.1433705778598544,0.6694185972563105,1.0,1.0463454605047524,2.0,0.07472959685349066,0.0,505,0,0.0,134.83267326732673,362.8199999999995,0.0,134.83267326732673
fat_tree_hotspot_single_link_cut_ecmp_seed42,fat_tree,36,96,hotspot,single_link_cut,ecmp,primary_valid_candidate,42,1001,25,453,4.243929359823399,3.5,6.5,7.0,10.5,72.59059808,1814.7649520000002,0.0,0.131392590948135,0.8666121097342995,1.0,0.9949121184088807,1.3333333333333333,0.03330249768732655,1.0,513,0,0.0,317.0972709551657,751.5799999999999,0.0,317.0972709551657
fat_tree_hotspot_single_link_cut_ecmp_seed43,fat_tree,36,96,hotspot,single_link_cut,ecmp,primary_valid_candidate,43,1002,25,463,4.033477321814255,3.5,6.5,6.5,9.5,75.74016352,1893.504088,0.0032180020811654526,0.14561390083228662,0.6845283382441137,1.0,1.0001005025125629,3.0,0.033165829145728645,0.0,508,0,0.0,294.7025590551181,681.8499999999998,0.0,294.7025590551181
fat_tree_hotspot_single_link_cut_ecmp_seed44,fat_tree,36,96,hotspot,single_link_cut,ecmp,primary_valid_candidate,44,1003,25,460,4.025,3.5,6.5,7.0,9.5,73.98421760000001,1849.60544,0.0009555273189326556,0.13401483227522412,0.6892076336312813,1.0,1.0026518966096005,1.6666666666666667,0.03423967774420947,0.0,509,0,0.0,270.5400785854617,575.4599999999998,0.0,270.5400785854617
fat_tree_hotspot_single_link_cut_ai_xgboost_seed42,fat_tree,36,96,hotspot,single_link_cut,ai_xgboost,primary_valid_candidate,42,1001,25,451,4.301552106430155,3.5,6.5,7.0,11.0,72.33544959999999,1808.3862399999998,0.0,0.1294908227991829,0.9143602227418143,1.0,1.0350210970464135,3.0,0.05605786618444846,2.0,510,0,0.0,3839.195490196078,4535.700000000001,0.0,3839.195490196078
fat_tree_hotspot_single_link_cut_ai_xgboost_seed43,fat_tree,36,96,hotspot,single_link_cut,ai_xgboost,primary_valid_candidate,43,1002,25,460,4.056521739130435,3.5,6.5,7.0,9.704999999999984,75.4668064,1886.67016,0.00045311516677155444,0.14587334344487857,0.6933812167237663,1.0,1.013960823373174,3.0,0.0398406374501992,0.0,509,0,0.0,3956.715913555992,4949.66,0.0,3956.715913555992
fat_tree_hotspot_single_link_cut_ai_xgboost_seed44,fat_tree,36,96,hotspot,single_link_cut,ai_xgboost,primary_valid_candidate,44,1003,25,460,4.059782608695652,3.5,6.5,7.0,9.5,73.98421760000001,1849.60544,0.0009555273189326556,0.13366712378425938,0.7114810115789245,1.0,1.0252395110670631,2.0,0.044598612487611496,0.0,509,0,0.0,3882.8899803536347,4600.6,0.0,3882.8899803536347
fat_tree_hotspot_single_link_cut_rl_ppo_seed42,fat_tree,36,96,hotspot,single_link_cut,rl_ppo,auxiliary_rl_diagnostic,42,1001,25,453,4.235099337748345,3.5,6.5,7.0,10.5,72.59059808,1814.7649520000002,0.0,0.130260003299502,0.8886687150713024,1.0,0.995366079703429,1.3333333333333333,0.03614457831325301,1.0,512,430,0.83984375,4260.791015625,6945.41,0.0,4260.791015625
fat_tree_hotspot_single_link_cut_rl_ppo_seed43,fat_tree,36,96,hotspot,single_link_cut,rl_ppo,auxiliary_rl_diagnostic,43,1002,25,462,4.033549783549783,3.5,6.5,6.5,9.5,75.42680960000001,1885.6702400000001,0.005703289765121031,0.14603455328555803,0.6897616972717313,1.0,1.0015075376884421,3.0,0.02914572864321608,0.0,509,410,0.8055009823182712,4248.390373280943,6457.359999999999,0.0,4248.390373280943
fat_tree_hotspot_single_link_cut_rl_ppo_seed44,fat_tree,36,96,hotspot,single_link_cut,rl_ppo,auxiliary_rl_diagnostic,44,1003,25,460,4.025,3.5,6.5,7.0,9.5,73.98421760000001,1849.60544,0.0009555273189326556,0.133097019252766,0.6941045990470281,1.0,1.0026518966096005,1.6666666666666667,0.03423967774420947,0.0,509,411,0.8074656188605108,3924.3722986247544,6154.219999999996,0.0,3924.3722986247544
scale_free_uniform_nominal_static_dijkstra_seed42,scale_free,50,192,uniform,nominal,static_dijkstra,primary_valid_candidate,42,1001,25,218,50.48899082568807,49.5,80.03,86.92999999999999,99.76899999999992,34.54793056,863.698264,0.03552756745409558,0.06269265080891476,0.1015928256062179,0.3617612211460945,1.4183070866141732,4.0,0.0,,250,0,0.0,126.1728,201.455,0.0,126.1728
scale_free_uniform_nominal_static_dijkstra_seed43,scale_free,50,192,uniform,nominal,static_dijkstra,primary_valid_candidate,43,1002,25,214,52.02289719626169,53.150000000000006,76.7,81.19999999999999,93.47400000000002,33.10886464,827.721616,0.01849401353217654,0.06190188666698359,0.06496120320163422,0.1773366837918696,1.7597966269841272,5.0,0.0,,250,0,0.0,134.826,227.72499999999997,0.0,134.826
scale_free_uniform_nominal_static_dijkstra_seed44,scale_free,50,192,uniform,nominal,static_dijkstra,primary_valid_candidate,44,1003,25,221,49.73800904977375,49.0,81.2,88.89999999999999,108.76000000000002,31.606038400000003,790.15096,0.041147811233150575,0.06344824827905614,0.04119399355885355,0.16868437810945275,1.4331804281345564,3.5,0.0,,250,0,0.0,115.10719999999999,194.00999999999996,0.0,115.10719999999999
scale_free_uniform_nominal_dynamic_dijkstra_seed42,scale_free,50,192,uniform,nominal,dynamic_dijkstra,primary_valid_candidate,42,1001,25,222,50.32342342342342,49.5,79.99,84.07,99.59699999999995,35.4006816,885.01704,0.021903940490443485,0.06282789237701704,0.10184694410467772,0.3617612211460945,1.4061284046692606,4.0,0.0,,250,0,0.0,138.2248,227.06999999999994,0.0,138.2248
scale_free_uniform_nominal_dynamic_dijkstra_seed43,scale_free,50,192,uniform,nominal,dynamic_dijkstra,primary_valid_candidate,43,1002,25,216,52.68472222222222,54.55,77.2,83.1,97.49499999999996,33.01101504,825.2753759999999,0.018395502850581537,0.062102355813016555,0.06456460205839344,0.1773366837918696,1.752676399026764,5.0,0.0,,250,0,0.0,128.6236,209.81999999999994,0.0,128.6236
scale_free_uniform_nominal_dynamic_dijkstra_seed44,scale_free,50,192,uniform,nominal,dynamic_dijkstra,primary_valid_candidate,44,1003,25,221,49.908144796380085,49.1,83.6,88.9,108.76000000000002,31.21803488,780.450872,0.05052276567220283,0.0619069298118659,0.0456288789552613,0.16868437810945275,1.4584081388390184,3.5,0.0,,250,0,0.0,114.2952,174.51,0.0,114.2952
scale_free_uniform_nominal_ecmp_seed42,scale_free,50,192,uniform,nominal,ecmp,primary_valid_candidate,42,1001,25,218,50.48899082568807,49.5,80.03,86.92999999999999,99.76899999999992,34.54793056,863.698264,0.03552756745409558,0.06269265080891476,0.1015928256062179,0.3617612211460945,1.4183070866141732,4.0,0.0,,250,0,0.0,145.7064,235.125,0.0,145.7064
scale_free_uniform_nominal_ecmp_seed43,scale_free,50,192,uniform,nominal,ecmp,primary_valid_candidate,43,1002,25,215,52.330697674418616,53.2,76.88000000000001,83.11999999999999,97.54199999999992,32.87472256,821.868064,0.025166514802319507,0.061695028992113425,0.06531259976005661,0.1773366837918696,1.7612481857764877,5.0,0.0,,250,0,0.0,160.1064,254.60999999999993,0.0,160.1064
scale_free_uniform_nominal_ecmp_seed44,scale_free,50,192,uniform,nominal,ecmp,primary_valid_candidate,44,1003,25,221,49.73800904977375,49.0,81.2,88.89999999999999,108.76000000000002,31.606038400000003,790.15096,0.041147811233150575,0.06344824827905614,0.04119399355885355,0.16868437810945275,1.4331804281345564,3.5,0.0,,250,0,0.0,146.68120000000002,259.45999999999987,0.0,146.68120000000002
scale_free_uniform_nominal_ai_xgboost_seed42,scale_free,50,192,uniform,nominal,ai_xgboost,primary_valid_candidate,42,1001,25,218,50.48899082568807,49.5,80.03,86.92999999999999,99.76899999999992,34.54793056,863.698264,0.03552756745409558,0.06269265080891476,0.1015928256062179,0.3617612211460945,1.4183070866141732,4.0,0.0,,250,0,0.0,5094.178400000001,5960.169999999999,0.0,5094.178400000001
scale_free_uniform_nominal_ai_xgboost_seed43,scale_free,50,192,uniform,nominal,ai_xgboost,primary_valid_candidate,43,1002,25,214,52.02289719626169,53.150000000000006,76.7,81.19999999999999,93.47400000000002,33.10886464,827.721616,0.01849401353217654,0.06190188666698359,0.06496120320163422,0.1773366837918696,1.7597966269841272,5.0,0.0,,250,0,0.0,4916.964800000001,5712.535,0.0,4916.964800000001
scale_free_uniform_nominal_ai_xgboost_seed44,scale_free,50,192,uniform,nominal,ai_xgboost,primary_valid_candidate,44,1003,25,221,49.73800904977375,49.0,81.2,88.89999999999999,108.76000000000002,31.606038400000003,790.15096,0.041147811233150575,0.06344824827905614,0.04119399355885355,0.16868437810945275,1.4331804281345564,3.5,0.0,,250,0,0.0,4991.554799999999,5674.885,0.0,4991.554799999999
scale_free_uniform_nominal_rl_ppo_seed42,scale_free,50,192,uniform,nominal,rl_ppo,auxiliary_rl_diagnostic,42,1001,25,218,50.48899082568807,49.5,80.03,86.92999999999999,99.76899999999992,34.54793056,863.698264,0.03552756745409558,0.06269265080891476,0.1015928256062179,0.3617612211460945,1.4183070866141732,4.0,0.0,,250,250,1.0,270.014,390.695,0.0,270.014
scale_free_uniform_nominal_rl_ppo_seed43,scale_free,50,192,uniform,nominal,rl_ppo,auxiliary_rl_diagnostic,43,1002,25,214,52.02289719626169,53.150000000000006,76.7,81.19999999999999,93.47400000000002,33.10886464,827.721616,0.01849401353217654,0.06190188666698359,0.06496120320163422,0.1773366837918696,1.7597966269841272,5.0,0.0,,250,250,1.0,216.53040000000001,338.6999999999998,0.0,216.53040000000001
scale_free_uniform_nominal_rl_ppo_seed44,scale_free,50,192,uniform,nominal,rl_ppo,auxiliary_rl_diagnostic,44,1003,25,221,49.73800904977375,49.0,81.2,88.89999999999999,108.76000000000002,31.606038400000003,790.15096,0.041147811233150575,0.06344824827905614,0.04119399355885355,0.16868437810945275,1.4331804281345564,3.5,0.0,,250,250,1.0,199.5512,327.50999999999954,0.0,199.5512
scale_free_uniform_single_link_cut_static_dijkstra_seed42,scale_free,50,192,uniform,single_link_cut,static_dijkstra,primary_valid_candidate,42,1001,25,218,50.48899082568807,49.5,80.03,86.92999999999999,99.76899999999992,34.54793056,863.698264,0.03552756745409558,0.06274092723240686,0.1015928256062179,0.3617612211460945,1.4183070866141732,4.0,0.0,0.0,250,0,0.0,184.8552,467.5799999999998,0.0,184.8552
scale_free_uniform_single_link_cut_static_dijkstra_seed43,scale_free,50,192,uniform,single_link_cut,static_dijkstra,primary_valid_candidate,43,1002,25,214,52.28364485981309,53.75,76.94,83.14,93.47400000000002,32.985097599999996,824.62744,0.024043913081288112,0.06234150227437584,0.06350475000462133,0.1773366837918696,1.7737573099415205,5.0,0.0,0.0,250,0,0.0,199.014,502.8599999999995,0.0,199.014
scale_free_uniform_single_link_cut_static_dijkstra_seed44,scale_free,50,192,uniform,single_link_cut,static_dijkstra,primary_valid_candidate,44,1003,25,223,49.7780269058296,49.0,81.84,88.82999999999997,108.74600000000001,31.70892512,792.723128,0.03396924200179542,0.06380825562513857,0.04119399355885355,0.16868437810945275,1.4322727272727274,3.5,0.0,0.0,250,0,0.0,203.06279999999998,457.60499999999973,0.0,203.06279999999998
scale_free_uniform_single_link_cut_dynamic_dijkstra_seed42,scale_free,50,192,uniform,single_link_cut,dynamic_dijkstra,primary_valid_candidate,42,1001,25,222,50.32342342342342,49.5,79.99,84.07,99.59699999999995,35.4006816,885.01704,0.021903940490443485,0.06287902628370072,0.10184694410467772,0.3617612211460945,1.4061284046692606,4.0,0.0,0.0,250,0,0.0,202.9684,469.1799999999999,0.0,202.9684
scale_free_uniform_single_link_cut_dynamic_dijkstra_seed43,scale_free,50,192,uniform,single_link_cut,dynamic_dijkstra,primary_valid_candidate,43,1002,25,216,52.9,54.95,78.0,83.42500000000001,97.49499999999996,33.202221439999995,830.055536,0.011398082338281618,0.06278567055233868,0.06275675230295816,0.1773366837918696,1.7566425120772946,5.0,0.0,0.0,250,0,0.0,203.7568,490.2399999999998,0.0,203.7568
scale_free_uniform_single_link_cut_dynamic_dijkstra_seed44,scale_free,50,192,uniform,single_link_cut,dynamic_dijkstra,primary_valid_candidate,44,1003,25,220,49.768636363636354,49.0,83.93,88.94,108.76700000000001,31.184262399999998,779.60656,0.050111720464340606,0.06222525562596801,0.0456288789552613,0.16868437810945275,1.453537170263789,3.5,0.0,0.0,250,0,0.0,206.19959999999998,467.54999999999984,0.0,206.19959999999998
scale_free_uniform_single_link_cut_ecmp_seed42,scale_free,50,192,uniform,single_link_cut,ecmp,primary_valid_candidate,42,1001,25,218,50.48899082568807,49.5,80.03,86.92999999999999,99.76899999999992,34.54793056,863.698264,0.03552756745409558,0.06274092723240686,0.1015928256062179,0.3617612211460945,1.4183070866141732,4.0,0.0,0.0,250,0,0.0,384.432,792.8399999999998,0.0,384.432
scale_free_uniform_single_link_cut_ecmp_seed43,scale_free,50,192,uniform,single_link_cut,ecmp,primary_valid_candidate,43,1002,25,213,52.438497652582164,53.2,77.08,83.44,97.63599999999997,32.68499648,817.124912,0.024880384266817285,0.06228455672740471,0.06350475000462133,0.1773366837918696,1.7755763688760806,5.0,0.0,0.0,250,0,0.0,402.828,809.3749999999999,0.0,402.828
scale_free_uniform_single_link_cut_ecmp_seed44,scale_free,50,192,uniform,single_link_cut,ecmp,primary_valid_candidate,44,1003,25,223,49.7780269058296,49.0,81.84,88.82999999999997,108.74600000000001,31.70892512,792.723128,0.03396924200179542,0.06380825562513857,0.04119399355885355,0.16868437810945275,1.4322727272727274,3.5,0.0,0.0,250,0,0.0,403.15,859.4649999999995,0.0,403.15
scale_free_uniform_single_link_cut_ai_xgboost_seed42,scale_free,50,192,uniform,single_link_cut,ai_xgboost,primary_valid_candidate,42,1001,25,218,50.48899082568807,49.5,80.03,86.92999999999999,99.76899999999992,34.54793056,863.698264,0.03552756745409558,0.06274092723240686,0.1015928256062179,0.3617612211460945,1.4183070866141732,4.0,0.0,0.0,250,0,0.0,5084.7476,6025.42,0.0,5084.7476
scale_free_uniform_single_link_cut_ai_xgboost_seed43,scale_free,50,192,uniform,single_link_cut,ai_xgboost,primary_valid_candidate,43,1002,25,214,52.28364485981309,53.75,76.94,83.14,93.47400000000002,32.985097599999996,824.62744,0.024043913081288112,0.06234150227437584,0.06350475000462133,0.1773366837918696,1.7737573099415205,5.0,0.0,0.0,250,0,0.0,5407.712399999999,6324.374999999999,0.0,5407.712399999999
scale_free_uniform_single_link_cut_ai_xgboost_seed44,scale_free,50,192,uniform,single_link_cut,ai_xgboost,primary_valid_candidate,44,1003,25,223,49.7780269058296,49.0,81.84,88.82999999999997,108.74600000000001,31.70892512,792.723128,0.03396924200179542,0.06380825562513857,0.04119399355885355,0.16868437810945275,1.4322727272727274,3.5,0.0,0.0,250,0,0.0,5054.6892,5804.135,0.0,5054.6892
scale_free_uniform_single_link_cut_rl_ppo_seed42,scale_free,50,192,uniform,single_link_cut,rl_ppo,auxiliary_rl_diagnostic,42,1001,25,218,50.48899082568807,49.5,80.03,86.92999999999999,99.76899999999992,34.54793056,863.698264,0.03552756745409558,0.06274092723240686,0.1015928256062179,0.3617612211460945,1.4183070866141732,4.0,0.0,0.0,250,250,1.0,375.4876,790.2149999999999,0.0,375.4876
scale_free_uniform_single_link_cut_rl_ppo_seed43,scale_free,50,192,uniform,single_link_cut,rl_ppo,auxiliary_rl_diagnostic,43,1002,25,214,52.28364485981309,53.75,76.94,83.14,93.47400000000002,32.985097599999996,824.62744,0.024043913081288112,0.06234150227437584,0.06350475000462133,0.1773366837918696,1.7737573099415205,5.0,0.0,0.0,250,250,1.0,322.6632,611.0,0.0,322.6632
scale_free_uniform_single_link_cut_rl_ppo_seed44,scale_free,50,192,uniform,single_link_cut,rl_ppo,auxiliary_rl_diagnostic,44,1003,25,223,49.7780269058296,49.0,81.84,88.82999999999997,108.74600000000001,31.70892512,792.723128,0.03396924200179542,0.06380825562513857,0.04119399355885355,0.16868437810945275,1.4322727272727274,3.5,0.0,0.0,250,250,1.0,303.7652,620.2699999999999,0.0,303.7652
scale_free_hotspot_nominal_static_dijkstra_seed42,scale_free,50,192,hotspot,nominal,static_dijkstra,primary_valid_candidate,42,1001,25,452,39.06482300884956,37.6,66.68,77.02999999999999,100.598,74.88336096,1872.084024,0.027557656359864784,0.06758390133057918,0.08552943066922739,0.2688903419534773,1.4889012208657049,4.0,0.0,,500,0,0.0,87.02560000000001,149.06499999999986,0.0,87.02560000000001
scale_free_hotspot_nominal_static_dijkstra_seed43,scale_free,50,192,hotspot,nominal,static_dijkstra,primary_valid_candidate,43,1002,25,437,41.76681922196796,41.6,67.72,73.7,86.55199999999996,63.40364992,1585.091248,0.028283755482167452,0.07328260196210677,0.06336467276195848,0.36652074174719645,1.8391173950299915,6.0,0.0,,500,0,0.0,98.071,168.14999999999995,0.0,98.071
scale_free_hotspot_nominal_static_dijkstra_seed44,scale_free,50,192,hotspot,nominal,static_dijkstra,primary_valid_candidate,44,1003,25,448,42.58191964285714,40.6,72.61000000000001,83.73499999999996,100.31799999999998,72.51661984,1812.915496,0.026272976938953897,0.06897072106148742,0.10845376308182982,0.48706000000000005,1.5111851092896174,4.0,0.0,,500,0,0.0,96.3394,170.52999999999997,0.0,96.3394
scale_free_hotspot_nominal_dynamic_dijkstra_seed42,scale_free,50,192,hotspot,nominal,dynamic_dijkstra,primary_valid_candidate,42,1001,25,459,39.42788671023965,37.7,66.98,77.86999999999998,100.584,76.22232416000001,1905.5581040000002,0.015562575318034875,0.06653685378473531,0.0864527965715682,0.2688903419534773,1.4768775434702184,4.0,0.006659267480577136,,500,0,0.0,97.3478,163.39999999999992,0.0,97.3478
scale_free_hotspot_nominal_dynamic_dijkstra_seed43,scale_free,50,192,hotspot,nominal,dynamic_dijkstra,primary_valid_candidate,43,1002,25,438,41.44680365296803,41.35,67.5,73.61500000000001,83.99399999999999,63.86809824,1596.702456,0.020646675069811545,0.07324592008698953,0.06336467276195848,0.36652074174719645,1.8352696500286858,6.0,0.0,,500,0,0.0,106.82879999999999,176.405,0.0,106.82879999999999
scale_free_hotspot_nominal_dynamic_dijkstra_seed44,scale_free,50,192,hotspot,nominal,dynamic_dijkstra,primary_valid_candidate,44,1003,25,445,42.72719101123595,41.0,74.28000000000002,84.01999999999992,100.336,71.61268960000001,1790.31724,0.03726994860007157,0.06921585077343327,0.10773865528480188,0.48706000000000005,1.5134353741496598,4.0,0.0,,500,0,0.0,106.591,184.96499999999995,0.0,106.591
scale_free_hotspot_nominal_ecmp_seed42,scale_free,50,192,hotspot,nominal,ecmp,primary_valid_candidate,42,1001,25,452,39.06482300884956,37.6,66.68,77.02999999999999,100.598,74.88336096,1872.084024,0.027557656359864784,0.06758390133057918,0.08552943066922739,0.2688903419534773,1.4889012208657049,4.0,0.0,,500,0,0.0,134.37220000000002,232.38999999999982,0.0,134.37220000000002
scale_free_hotspot_nominal_ecmp_seed43,scale_free,50,192,hotspot,nominal,ecmp,primary_valid_candidate,43,1002,25,437,41.76681922196796,41.6,67.72,73.7,86.55199999999996,63.40364992,1585.091248,0.028283755482167452,0.07328260196210677,0.06336467276195848,0.36652074174719645,1.8391173950299915,6.0,0.0,,500,0,0.0,148.2566,236.72999999999996,0.0,148.2566
scale_free_hotspot_nominal_ecmp_seed44,scale_free,50,192,hotspot,nominal,ecmp,primary_valid_candidate,44,1003,25,448,42.58191964285714,40.6,72.61000000000001,83.73499999999996,100.31799999999998,72.51661984,1812.915496,0.026272976938953897,0.06897072106148742,0.10845376308182982,0.48706000000000005,1.5111851092896174,4.0,0.0,,500,0,0.0,136.25859999999997,210.56499999999977,0.0,136.25859999999997
scale_free_hotspot_nominal_ai_xgboost_seed42,scale_free,50,192,hotspot,nominal,ai_xgboost,primary_valid_candidate,42,1001,25,452,39.06482300884956,37.6,66.68,77.02999999999999,100.598,74.88336096,1872.084024,0.027557656359864784,0.06758390133057918,0.08552943066922739,0.2688903419534773,1.4889012208657049,4.0,0.0,,500,0,0.0,4902.6292,5774.365,0.0,4902.6292
scale_free_hotspot_nominal_ai_xgboost_seed43,scale_free,50,192,hotspot,nominal,ai_xgboost,primary_valid_candidate,43,1002,25,437,41.76681922196796,41.6,67.72,73.7,86.55199999999996,63.40364992,1585.091248,0.028283755482167452,0.07328260196210677,0.06336467276195848,0.36652074174719645,1.8391173950299915,6.0,0.0,,500,0,0.0,4897.751800000001,5747.76,0.0,4897.751800000001
scale_free_hotspot_nominal_ai_xgboost_seed44,scale_free,50,192,hotspot,nominal,ai_xgboost,primary_valid_candidate,44,1003,25,448,42.58191964285714,40.6,72.61000000000001,83.73499999999996,100.31799999999998,72.51661984,1812.915496,0.026272976938953897,0.06897072106148742,0.10845376308182982,0.48706000000000005,1.5111851092896174,4.0,0.0,,500,0,0.0,4973.516199999999,5786.459999999999,0.0,4973.516199999999
scale_free_hotspot_nominal_rl_ppo_seed42,scale_free,50,192,hotspot,nominal,rl_ppo,auxiliary_rl_diagnostic,42,1001,25,452,39.06482300884956,37.6,66.68,77.02999999999999,100.598,74.88336096,1872.084024,0.027557656359864784,0.06758390133057918,0.08552943066922739,0.2688903419534773,1.4889012208657049,4.0,0.0,,500,500,1.0,221.3786,364.24999999999994,0.0,221.3786
scale_free_hotspot_nominal_rl_ppo_seed43,scale_free,50,192,hotspot,nominal,rl_ppo,auxiliary_rl_diagnostic,43,1002,25,437,41.76681922196796,41.6,67.72,73.7,86.55199999999996,63.40364992,1585.091248,0.028283755482167452,0.07328260196210677,0.06336467276195848,0.36652074174719645,1.8391173950299915,6.0,0.0,,500,500,1.0,198.6886,347.6399999999999,0.0,198.6886
scale_free_hotspot_nominal_rl_ppo_seed44,scale_free,50,192,hotspot,nominal,rl_ppo,auxiliary_rl_diagnostic,44,1003,25,448,42.58191964285714,40.6,72.61000000000001,83.73499999999996,100.31799999999998,72.51661984,1812.915496,0.026272976938953897,0.06897072106148742,0.10845376308182982,0.48706000000000005,1.5111851092896174,4.0,0.0,,500,500,1.0,178.88139999999996,284.9799999999999,0.0,178.88139999999996
scale_free_hotspot_single_link_cut_static_dijkstra_seed42,scale_free,50,192,hotspot,single_link_cut,static_dijkstra,primary_valid_candidate,42,1001,25,452,39.06482300884956,37.6,66.68,77.02999999999999,100.598,74.88336096,1872.084024,0.027557656359864784,0.06763858218179702,0.08552943066922739,0.2688903419534773,1.4889012208657049,4.0,0.0,0.0,500,0,0.0,184.88739999999999,460.1249999999996,0.0,184.88739999999999
scale_free_hotspot_single_link_cut_static_dijkstra_seed43,scale_free,50,192,hotspot,single_link_cut,static_dijkstra,primary_valid_candidate,43,1002,25,435,41.813103448275854,41.6,67.78,73.7,86.58799999999994,63.02152032000001,1575.5380080000002,0.025789730460584817,0.07335734714209226,0.06336467276195848,0.36652074174719645,1.8494738339021612,6.0,0.0,0.0,500,0,0.0,191.03459999999998,460.4299999999998,0.0,191.03459999999998
scale_free_hotspot_single_link_cut_static_dijkstra_seed44,scale_free,50,192,hotspot,single_link_cut,static_dijkstra,primary_valid_candidate,44,1003,25,445,42.586741573033706,40.2,73.60000000000005,83.77999999999992,100.992,71.61019744000001,1790.254936,0.03723353378732591,0.06655975852619996,0.13320992551459232,0.48706000000000005,1.5289046653144016,4.0,0.0010141987829614604,0.0,500,0,0.0,191.4454,467.2999999999999,0.0,191.4454
scale_free_hotspot_single_link_cut_dynamic_dijkstra_seed42,scale_free,50,192,hotspot,single_link_cut,dynamic_dijkstra,primary_valid_candidate,42,1001,25,459,39.42788671023965,37.7,66.98,77.86999999999998,100.584,76.22232416000001,1905.5581040000002,0.015562575318034875,0.0665898823030285,0.0864527965715682,0.2688903419534773,1.4768775434702184,4.0,0.006659267480577136,0.0,500,0,0.0,185.8632,447.73999999999995,0.0,185.8632
scale_free_hotspot_single_link_cut_dynamic_dijkstra_seed43,scale_free,50,192,hotspot,single_link_cut,dynamic_dijkstra,primary_valid_candidate,43,1002,25,438,41.67054794520547,41.5,67.69,73.7,86.53399999999998,63.543471679999996,1588.5867919999998,0.02349504794834202,0.07325893088538447,0.06336467276195848,0.36652074174719645,1.8391173950299915,6.0,0.0,0.0,500,0,0.0,219.88320000000002,564.5799999999996,0.0,219.88320000000002
scale_free_hotspot_single_link_cut_dynamic_dijkstra_seed44,scale_free,50,192,hotspot,single_link_cut,dynamic_dijkstra,primary_valid_candidate,44,1003,25,447,42.878970917225956,41.1,74.68,84.47,100.97800000000001,72.46532223999999,1811.633056,0.02572356420447662,0.06742627926580066,0.12684389108737348,0.48706000000000005,1.5297498309668693,4.0,0.0010141987829614604,0.0,500,0,0.0,199.63940000000002,490.0099999999999,0.0,199.63940000000002
scale_free_hotspot_single_link_cut_ecmp_seed42,scale_free,50,192,hotspot,single_link_cut,ecmp,primary_valid_candidate,42,1001,25,452,39.06482300884956,37.6,66.68,77.02999999999999,100.598,74.88336096,1872.084024,0.027557656359864784,0.06763858218179702,0.08552943066922739,0.2688903419534773,1.4889012208657049,4.0,0.0,0.0,500,0,0.0,375.4432,784.1549999999997,0.0,375.4432
scale_free_hotspot_single_link_cut_ecmp_seed43,scale_free,50,192,hotspot,single_link_cut,ecmp,primary_valid_candidate,43,1002,25,435,41.813103448275854,41.6,67.78,73.7,86.58799999999994,63.02152032000001,1575.5380080000002,0.025789730460584817,0.07335734714209226,0.06336467276195848,0.36652074174719645,1.8494738339021612,6.0,0.0,0.0,500,0,0.0,382.91760000000005,803.4599999999998,0.0,382.91760000000005
scale_free_hotspot_single_link_cut_ecmp_seed44,scale_free,50,192,hotspot,single_link_cut,ecmp,primary_valid_candidate,44,1003,25,445,42.586741573033706,40.2,73.60000000000005,83.77999999999992,100.992,71.61019744000001,1790.254936,0.03723353378732591,0.06655975852619996,0.13320992551459232,0.48706000000000005,1.5289046653144016,4.0,0.0010141987829614604,0.0,500,0,0.0,430.30619999999993,1230.6649999999997,0.0,430.30619999999993
scale_free_hotspot_single_link_cut_ai_xgboost_seed42,scale_free,50,192,hotspot,single_link_cut,ai_xgboost,primary_valid_candidate,42,1001,25,452,39.06482300884956,37.6,66.68,77.02999999999999,100.598,74.88336096,1872.084024,0.027557656359864784,0.06763858218179702,0.08552943066922739,0.2688903419534773,1.4889012208657049,4.0,0.0,0.0,500,0,0.0,4970.381199999999,5889.359999999999,0.0,4970.381199999999
scale_free_hotspot_single_link_cut_ai_xgboost_seed43,scale_free,50,192,hotspot,single_link_cut,ai_xgboost,primary_valid_candidate,43,1002,25,435,41.813103448275854,41.6,67.78,73.7,86.58799999999994,63.02152032000001,1575.5380080000002,0.025789730460584817,0.07335734714209226,0.06336467276195848,0.36652074174719645,1.8494738339021612,6.0,0.0,0.0,500,0,0.0,5020.8006,5902.375,0.0,5020.8006
scale_free_hotspot_single_link_cut_ai_xgboost_seed44,scale_free,50,192,hotspot,single_link_cut,ai_xgboost,primary_valid_candidate,44,1003,25,445,42.586741573033706,40.2,73.60000000000005,83.77999999999992,100.992,71.61019744000001,1790.254936,0.03723353378732591,0.06655975852619996,0.13320992551459232,0.48706000000000005,1.5289046653144016,4.0,0.0010141987829614604,0.0,500,0,0.0,5413.927,7008.939999999994,0.0,5413.927
scale_free_hotspot_single_link_cut_rl_ppo_seed42,scale_free,50,192,hotspot,single_link_cut,rl_ppo,auxiliary_rl_diagnostic,42,1001,25,452,39.06482300884956,37.6,66.68,77.02999999999999,100.598,74.88336096,1872.084024,0.027557656359864784,0.06763858218179702,0.08552943066922739,0.2688903419534773,1.4889012208657049,4.0,0.0,0.0,500,500,1.0,306.65340000000003,596.4849999999994,0.0,306.65340000000003
scale_free_hotspot_single_link_cut_rl_ppo_seed43,scale_free,50,192,hotspot,single_link_cut,rl_ppo,auxiliary_rl_diagnostic,43,1002,25,435,41.813103448275854,41.6,67.78,73.7,86.58799999999994,63.02152032000001,1575.5380080000002,0.025789730460584817,0.07335734714209226,0.06336467276195848,0.36652074174719645,1.8494738339021612,6.0,0.0,0.0,500,500,1.0,284.5936,560.05,0.0,284.5936
scale_free_hotspot_single_link_cut_rl_ppo_seed44,scale_free,50,192,hotspot,single_link_cut,rl_ppo,auxiliary_rl_diagnostic,44,1003,25,445,42.586741573033706,40.2,73.60000000000005,83.77999999999992,100.992,71.61019744000001,1790.254936,0.03723353378732591,0.06655975852619996,0.13320992551459232,0.48706000000000005,1.5289046653144016,4.0,0.0010141987829614604,0.0,500,500,1.0,280.36,567.8,0.0,280.36
