total_completed_flows,mean_latency_ms,p50_latency_ms,p90_latency_ms,p95_latency_ms,p99_latency_ms,mean_throughput_mbps,total_throughput_mbps,packet_loss_rate,mean_jain_fairness,mean_peak_utilization,max_peak_utilization,mean_path_stretch,max_path_stretch,route_churn_rate,recovery_time_ticks,total_queries,fallback_count,fallback_ratio,mean_compute_latency_us,p95_compute_latency_us,mean_env_overhead_us,mean_path_solve_us,eval_seed,traffic_model,failure_model,algorithm
225,4.733333333333333,5.5,7.0,7.0,7.0,36.2277344,905.69336,0.005108323831242874,0.11823067767963095,0.625743969208035,1.0,1.0,1.0,0.0,,250,0,0.0,91.97240000000001,146.24999999999997,0.0,91.97240000000001,42,uniform,nominal,static_dijkstra
225,4.8,5.5,7.0,7.0,7.0,36.172989120000004,904.324728,0.00657576765325352,0.11805161365894218,0.6502476282739417,1.0,1.027120315581854,3.0,0.013313609467455622,,250,0,0.0,95.21719999999999,171.13,0.0,95.21719999999999,42,uniform,nominal,dynamic_dijkstra
225,4.733333333333333,5.5,7.0,7.0,7.0,36.2277344,905.69336,0.005108323831242874,0.11802094187539718,0.6296545505436205,1.0,1.0,1.0,0.0,,250,0,0.0,197.85959999999997,411.03999999999996,0.0,197.85959999999997,42,uniform,nominal,ecmp
225,4.733333333333333,5.5,7.0,7.0,7.0,36.2277344,905.69336,0.005108323831242874,0.1181298186478086,0.625743969208035,1.0,1.0,1.0,0.003003003003003003,,250,0,0.0,4119.915999999999,4544.959999999998,0.0,4119.915999999999,42,uniform,nominal,ai_xgboost
225,4.733333333333333,5.5,7.0,7.0,7.0,36.2277344,905.69336,0.005108323831242874,0.11823067767963095,0.625743969208035,1.0,1.0,1.0,0.0,,250,230,0.92,4633.4108,6561.969999999997,0.0,4633.4108,42,uniform,nominal,rl_ppo
225,4.742222222222222,5.5,7.0,7.0,7.0,36.2277344,905.69336,0.005108323831242874,0.11864860735885323,0.6272531933101423,1.0,1.0031437125748504,2.0,0.005988023952095809,0.0,252,0,0.0,169.43095238095236,409.56999999999994,0.0,169.43095238095236,42,uniform,single_link_cut,static_dijkstra
225,4.808888888888889,5.5,7.0,7.0,7.0,36.172989120000004,904.324728,0.00657576765325352,0.11811282072414031,0.6517568523760492,1.0,1.0305801376597836,3.0,0.016224188790560472,0.0,251,0,0.0,176.20278884462152,343.45000000000005,0.0,176.20278884462152,42,uniform,single_link_cut,dynamic_dijkstra
225,4.742222222222222,5.5,7.0,7.0,7.0,36.2277344,905.69336,0.005108323831242874,0.118534111695491,0.6311637746457279,1.0,1.0031437125748504,2.0,0.005988023952095809,0.0,252,0,0.0,365.59404761904767,784.4250000000001,0.0,365.59404761904767,42,uniform,single_link_cut,ecmp
225,4.742222222222222,5.5,7.0,7.0,7.0,36.2277344,905.69336,0.005108323831242874,0.11854638851288382,0.6272531933101423,1.0,1.0031437125748504,2.0,0.008982035928143712,0.0,252,0,0.0,3871.163492063492,4289.764999999999,0.0,3871.163492063492,42,uniform,single_link_cut,ai_xgboost
225,4.742222222222222,5.5,7.0,7.0,7.0,36.2277344,905.69336,0.005108323831242874,0.11864860735885323,0.6272531933101423,1.0,1.0031437125748504,2.0,0.005988023952095809,0.0,252,233,0.9246031746031746,4697.144841269841,6645.344999999999,0.0,4697.144841269841,42,uniform,single_link_cut,rl_ppo
453,4.129139072847682,3.5,6.5,6.5,7.0,72.59059808,1814.7649520000002,0.0,0.13258640156006496,0.8607919727092415,1.0,1.0,1.0,0.0,,500,0,0.0,70.9142,113.01499999999999,0.0,70.9142,42,hotspot,nominal,static_dijkstra
451,4.248337028824833,3.5,6.5,7.0,7.5,72.33544959999999,1808.3862399999998,0.0,0.13636382357778654,0.8567650037357022,1.0,1.0497557997557998,3.0,0.09432234432234432,,500,0,0.0,78.68180000000001,131.7049999999999,0.0,78.68180000000001,42,hotspot,nominal,dynamic_dijkstra
453,4.129139072847682,3.5,6.5,6.5,7.0,72.59059808,1814.7649520000002,0.0,0.13352524619020786,0.8387353673722383,1.0,1.0,1.0,0.0,,500,0,0.0,178.95640000000003,412.6849999999997,0.0,178.95640000000003,42,hotspot,nominal,ecmp
451,4.1906873614190685,3.5,6.5,7.0,7.0,72.33544959999999,1808.3862399999998,0.0,0.13465446487357702,0.8607919727092415,1.0,1.0291201982651799,3.0,0.026022304832713755,,500,0,0.0,3657.4116000000004,4128.929999999999,0.0,3657.4116000000004,42,hotspot,nominal,ai_xgboost
453,4.129139072847682,3.5,6.5,6.5,7.0,72.59059808,1814.7649520000002,0.0,0.13258640156006496,0.8607919727092415,1.0,1.0,1.0,0.0,,500,404,0.808,4370.8862,6423.074999999998,0.0,4370.8862,42,hotspot,nominal,rl_ppo
453,4.1512141280353205,3.5,6.5,6.5,7.0,72.59059808,1814.7649520000002,0.0,0.13336129795856055,0.8607919727092415,1.0,1.00641627543036,1.6666666666666667,0.006572769953051643,1.0,503,0,0.0,140.35984095427435,344.6199999999999,0.0,140.35984095427435,42,hotspot,single_link_cut,static_dijkstra
451,4.270509977827051,4.0,6.5,7.0,7.5,72.33544959999999,1808.3862399999998,0.0,0.13666463736170864,0.8559655657307847,1.0,1.0596969696969698,3.0,0.09454545454545454,1.0,502,0,0.0,159.4231075697211,383.185,0.0,159.4231075697211,42,hotspot,single_link_cut,dynamic_dijkstra
453,4.1467991169977925,3.5,6.5,6.5,7.0,72.59059808,1814.7649520000002,0.0,0.13430987275705897,0.8387353673722383,1.0,1.0068987143305113,1.6666666666666667,0.005644402634054563,1.0,502,0,0.0,299.36434262948205,663.195,0.0,299.36434262948205,42,hotspot,single_link_cut,ecmp
451,4.23059866962306,3.5,6.5,7.0,7.5,72.33544959999999,1808.3862399999998,0.0,0.1358500773463337,0.8607919727092415,1.0,1.0421245421245422,3.0,0.03296703296703297,2.0,504,0,0.0,3712.912103174603,4159.5199999999995,0.0,3712.912103174603,42,hotspot,single_link_cut,ai_xgboost
453,4.1512141280353205,3.5,6.5,6.5,7.0,72.59059808,1814.7649520000002,0.0,0.13336129795856055,0.8607919727092415,1.0,1.00641627543036,1.6666666666666667,0.006572769953051643,1.0,503,408,0.8111332007952287,4301.717495029821,6001.329999999999,0.0,4301.717495029821,42,hotspot,single_link_cut,rl_ppo
226,4.407079646017699,5.0,7.0,7.0,7.0,36.36562463999999,909.1406159999999,0.0,0.11672886025558991,0.6198751063486413,1.0,1.0,1.0,0.0,,250,0,0.0,76.9152,125.14499999999994,0.0,76.9152,43,uniform,nominal,static_dijkstra
225,4.466666666666667,5.0,7.0,7.0,7.0,36.07039424,901.7598559999999,0.004555935098206661,0.11740354518117907,0.6427865503537556,1.0,1.0247014115092292,3.0,0.03257328990228013,,250,0,0.0,83.168,131.64999999999998,0.0,83.168,43,uniform,nominal,dynamic_dijkstra
226,4.407079646017699,5.0,7.0,7.0,7.0,36.36562463999999,909.1406159999999,0.0,0.11646601394081026,0.6198751063486413,1.0,1.0,1.0,0.0,,250,0,0.0,184.4648,378.075,0.0,184.4648,43,uniform,nominal,ecmp
226,4.469026548672566,5.0,7.0,7.0,7.0,36.36562463999999,909.1406159999999,0.0,0.11556234053550417,0.6434994707176219,1.0,1.0205962059620597,3.0,0.0032520325203252032,,250,0,0.0,3597.52,4110.1,0.0,3597.52,43,uniform,nominal,ai_xgboost
226,4.407079646017699,5.0,7.0,7.0,7.0,36.36562463999999,909.1406159999999,0.0,0.11672886025558991,0.6198751063486413,1.0,1.0,1.0,0.0,,250,229,0.916,4861.4767999999995,7185.724999999992,0.0,4861.4767999999995,43,uniform,nominal,rl_ppo
226,4.424778761061947,5.0,7.0,7.0,7.0,36.36562463999999,909.1406159999999,0.0,0.11626591369979486,0.6434994707176219,1.0,1.009274413529733,2.0,0.0032733224222585926,0.0,250,0,0.0,149.8748,372.6699999999999,0.0,149.8748,43,uniform,single_link_cut,static_dijkstra
226,4.451327433628318,5.0,7.0,7.0,7.0,36.36562463999999,909.1406159999999,0.0,0.11598277757731014,0.6742396917007015,1.0,1.0219512195121951,2.3333333333333335,0.032520325203252036,0.0,250,0,0.0,156.738,370.53,0.0,156.738,43,uniform,single_link_cut,dynamic_dijkstra
225,4.417777777777777,5.0,7.0,7.0,7.0,36.338872959999996,908.471824,0.0003393213572854292,0.11572685621307324,0.6434994707176219,1.0,1.0092896174863388,2.0,0.003278688524590164,0.0,250,0,0.0,365.3608,818.5049999999999,0.0,365.3608,43,uniform,single_link_cut,ecmp
225,4.437777777777778,5.0,7.0,7.0,7.0,36.115544639999996,902.888616,0.003868621434253893,0.11342189281337518,0.6747616166797751,1.0,1.0179738562091503,2.3333333333333335,0.004901960784313725,0.0,250,0,0.0,3660.3012000000003,4191.4800000000005,0.0,3660.3012000000003,43,uniform,single_link_cut,ai_xgboost
226,4.424778761061947,5.0,7.0,7.0,7.0,36.36562463999999,909.1406159999999,0.0,0.11626591369979486,0.6434994707176219,1.0,1.009274413529733,2.0,0.0032733224222585926,0.0,250,230,0.92,4673.980799999999,6534.704999999999,0.0,4673.980799999999,43,uniform,single_link_cut,rl_ppo
463,3.958963282937365,3.5,6.5,6.5,7.0,75.7010688,1892.52672,0.005842703325983496,0.1463873979366223,0.6824511070837859,1.0,1.0,1.0,0.0,,500,0,0.0,71.21579999999999,112.705,0.0,71.21579999999999,43,hotspot,nominal,static_dijkstra
459,3.994553376906318,3.5,6.5,6.5,7.0,75.17671104000001,1879.4177760000002,0.002365823309829946,0.14640025861532574,0.6888950672248981,1.0,1.0271356783919598,2.0,0.07738693467336684,,500,0,0.0,82.222,135.60999999999999,0.0,82.222,43,hotspot,nominal,dynamic_dijkstra
463,3.958963282937365,3.5,6.5,6.5,7.0,75.7010688,1892.52672,0.005842703325983496,0.1466592376081978,0.6765865137451348,1.0,1.0,1.0,0.0,,500,0,0.0,146.53740000000002,368.21999999999997,0.0,146.53740000000002,43,hotspot,nominal,ecmp
459,3.974945533769063,3.5,6.5,6.5,7.0,75.19359552,1879.839888,0.0037734401245943464,0.14609894830977993,0.686070626535821,1.0,1.0128726287262872,2.0,0.012195121951219513,,500,0,0.0,3572.8098000000005,4060.62,0.0,3572.8098000000005,43,hotspot,nominal,ai_xgboost
463,3.958963282937365,3.5,6.5,6.5,7.0,75.7010688,1892.52672,0.005842703325983496,0.1463873979366223,0.6824511070837859,1.0,1.0,1.0,0.0,,500,389,0.778,4362.978,6411.4699999999975,0.0,4362.978,43,hotspot,nominal,rl_ppo
463,3.980561555075594,3.5,6.5,6.5,7.0,75.7010688,1892.52672,0.004296972210700954,0.14787664310705742,0.6831797598585863,1.0,1.0161943319838056,3.0,0.008097165991902834,0.0,500,0,0.0,131.56879999999998,325.44499999999994,0.0,131.56879999999998,43,hotspot,single_link_cut,static_dijkstra
459,4.016339869281046,3.5,6.5,6.5,7.0,75.17671103999999,1879.4177759999998,0.002365823309829946,0.14999305610102598,0.6824370405582314,1.0,1.0427860696517413,3.0,0.07661691542288557,0.0,500,0,0.0,146.032,359.335,0.0,146.032,43,hotspot,single_link_cut,dynamic_dijkstra
463,3.980561555075594,3.5,6.5,6.5,7.0,75.7010688,1892.52672,0.004296972210700954,0.14938484321623258,0.6765865137451348,1.0,1.0161943319838056,3.0,0.00708502024291498,0.0,500,0,0.0,273.943,627.8499999999999,0.0,273.943,43,hotspot,single_link_cut,ecmp
460,4.0,3.5,6.5,6.5,7.0,75.35126303999999,1883.7815759999999,0.0018361693707954097,0.14758248394978352,0.6867992793106212,1.0,1.028839704896043,3.0,0.018108651911468814,0.0,500,0,0.0,3653.4276,4197.455,0.0,3653.4276,43,hotspot,single_link_cut,ai_xgboost
463,3.980561555075594,3.5,6.5,6.5,7.0,75.7010688,1892.52672,0.004296972210700954,0.14787664310705742,0.6831797598585863,1.0,1.0161943319838056,3.0,0.008097165991902834,0.0,500,393,0.786,4526.2596,6499.284999999998,0.0,4526.2596,43,hotspot,single_link_cut,rl_ppo
222,4.364864864864865,5.0,7.0,7.0,7.0,31.943114239999996,798.5778559999999,0.0026425290462037286,0.106478979711061,0.6688366761424569,1.0,1.0,1.0,0.0,,250,0,0.0,87.04159999999999,131.955,0.0,87.04159999999999,44,uniform,nominal,static_dijkstra
222,4.387387387387387,5.0,7.0,7.0,7.0,31.895534399999995,797.3883599999999,0.00640913508260447,0.10820674959327281,0.6604458241248675,1.0,1.0130932896890343,3.0,0.02127659574468085,,250,0,0.0,86.37559999999999,142.91,0.0,86.37559999999999,44,uniform,nominal,dynamic_dijkstra
222,4.364864864864865,5.0,7.0,7.0,7.0,31.943114239999996,798.5778559999999,0.0026425290462037286,0.10632850056708942,0.6688366761424569,1.0,1.0,1.0,0.0,,250,0,0.0,195.35520000000002,409.705,0.0,195.35520000000002,44,uniform,nominal,ecmp
222,4.382882882882883,5.0,7.0,7.0,7.0,31.943114239999996,798.5778559999999,0.0026425290462037286,0.1085202883137516,0.6676038401874668,1.0,1.0065573770491802,3.0,0.011475409836065573,,250,0,0.0,3981.96,4237.349999999999,0.0,3981.96,44,uniform,nominal,ai_xgboost
222,4.364864864864865,5.0,7.0,7.0,7.0,31.943114239999996,798.5778559999999,0.0026425290462037286,0.106478979711061,0.6688366761424569,1.0,1.0,1.0,0.0,,250,225,0.9,4465.3024,6418.344999999998,0.0,4465.3024,44,uniform,nominal,rl_ppo
222,4.400900900900901,5.0,7.0,7.0,7.0,31.943114239999996,798.5778559999999,0.0026425290462037286,0.10825440179833302,0.6688366761424569,1.0,1.0167748917748916,1.6666666666666667,0.0,0.0,250,0,0.0,168.1348,422.3249999999999,0.0,168.1348,44,uniform,single_link_cut,static_dijkstra
222,4.423423423423423,5.0,7.0,7.0,7.0,31.895534399999995,797.3883599999999,0.00640913508260447,0.10996222107837834,0.6604458241248675,1.0,1.029617662897146,3.0,0.0210016155088853,0.0,250,0,0.0,160.446,369.76499999999993,0.0,160.446,44,uniform,single_link_cut,dynamic_dijkstra
222,4.400900900900901,5.0,7.0,7.0,7.0,31.943114239999996,798.5778559999999,0.0026425290462037286,0.10803742526581624,0.6688366761424569,1.0,1.0167748917748916,1.6666666666666667,0.0,0.0,250,0,0.0,358.2592,773.5099999999999,0.0,358.2592,44,uniform,single_link_cut,ecmp
222,4.436936936936937,5.0,7.0,7.0,7.0,31.94311424,798.577856,0.0026425290462037286,0.11038694244525395,0.6676038401874668,1.0,1.0295698924731183,3.0,0.01129032258064516,0.0,250,0,0.0,3731.1023999999993,4301.415,0.0,3731.1023999999993,44,uniform,single_link_cut,ai_xgboost
222,4.400900900900901,5.0,7.0,7.0,7.0,31.943114239999996,798.5778559999999,0.0026425290462037286,0.10825440179833302,0.6688366761424569,1.0,1.0167748917748916,1.6666666666666667,0.0,0.0,250,226,0.904,4698.2396,6780.984999999999,0.0,4698.2396,44,uniform,single_link_cut,rl_ppo
460,3.9293478260869565,3.5,6.5,6.5,7.0,73.98421760000001,1849.60544,0.0009555273189326556,0.13316955564631153,0.6901459813478605,1.0,1.0,1.0,0.0,,500,0,0.0,70.39779999999999,119.1,0.0,70.39779999999999,44,hotspot,nominal,static_dijkstra
458,3.953056768558952,3.5,6.5,6.5,7.0,73.72205024,1843.051256,0.0002672915039486245,0.14254465101413963,0.6745957452809747,1.0,1.015428958969142,2.0,0.06002034587995931,,500,0,0.0,76.1138,125.72499999999998,0.0,76.1138,44,hotspot,nominal,dynamic_dijkstra
460,3.9293478260869565,3.5,6.5,6.5,7.0,73.98421760000001,1849.60544,0.0009555273189326556,0.13406665176238583,0.6852490159321136,1.0,1.0,1.0,0.0,,500,0,0.0,154.53039999999996,383.0899999999999,0.0,154.53039999999996,44,hotspot,nominal,ecmp
460,3.9467391304347825,3.5,6.5,6.5,7.0,73.98421760000001,1849.60544,0.0009555273189326556,0.13420702822287567,0.6976075326580582,1.0,1.0119169220292816,2.0,0.021450459652706845,,500,0,0.0,3817.725,4737.504999999999,0.0,3817.725,44,hotspot,nominal,ai_xgboost
460,3.9293478260869565,3.5,6.5,6.5,7.0,73.98421760000001,1849.60544,0.0009555273189326556,0.13316955564631153,0.6901459813478605,1.0,1.0,1.0,0.0,,500,390,0.78,4318.328,6675.8,0.0,4318.328,44,hotspot,nominal,rl_ppo
460,3.981521739130435,3.5,6.5,6.5,7.0,73.9842176,1849.6054399999998,0.0009555273189326556,0.1327279000625166,0.7155229119730474,1.0,1.0312227805695142,3.0,0.012060301507537688,0.0,502,0,0.0,129.88844621513945,298.49,0.0,129.88844621513945,44,hotspot,single_link_cut,static_dijkstra
458,4.0185589519650655,3.5,6.5,6.5,7.0,73.72205024,1843.051256,0.0002672915039486245,0.14053868304873782,0.7072729555543554,1.0,1.054344235216386,3.0,0.06442021803766106,0.0,500,0,0.0,139.5832,333.68499999999995,0.0,139.5832,44,hotspot,single_link_cut,dynamic_dijkstra
460,3.981521739130435,3.5,6.5,6.5,7.0,73.9842176,1849.6054399999998,0.0009555273189326556,0.1327243155714811,0.7155229119730474,1.0,1.0312227805695142,3.0,0.012060301507537688,0.0,502,0,0.0,278.86195219123505,583.3399999999999,0.0,278.86195219123505,44,hotspot,single_link_cut,ecmp
460,4.016304347826087,3.5,6.5,6.5,7.204999999999984,73.98421760000001,1849.60544,0.0009555273189326556,0.13422062072166177,0.720983755396463,1.0,1.05253227408143,3.0,0.033763654419066536,0.0,502,0,0.0,3600.7468127490038,4130.175,0.0,3600.7468127490038,44,hotspot,single_link_cut,ai_xgboost
460,3.981521739130435,3.5,6.5,6.5,7.0,73.9842176,1849.6054399999998,0.0009555273189326556,0.1327279000625166,0.7155229119730474,1.0,1.0312227805695142,3.0,0.012060301507537688,0.0,502,398,0.7928286852589641,4557.6954183266935,6490.53,0.0,4557.6954183266935,44,hotspot,single_link_cut,rl_ppo
