scenario_id,topology,topology_nodes,topology_edges,eval_seed,failed_edge,failure_stratum,routing_policy,model,model_hash,git_sha,mae,rmse,r2,top3_recall,top5pct_recall,severe_fn_rate,t_encode_us,t_inference_us,t_decode_us,t_online_total_us,t_oracle_us,mean_true_delta_u,max_true_delta_u
fat_tree_high_betweenness_cut_core_0_pod_1_agg_0_s42,fat_tree,36,96,42,core_0->pod_1_agg_0,high_betweenness,shortest_path_igp_reroute,Edge-Only MLP,66446d049aba4865dccb8c7c1810b5427a20430f4ee1c4a6b8a684fbdecc3336,9fa321fae0ee120b266cf4bf3330173175c35b10,0.004230707883834839,0.00590695533901453,-33.45518112182617,0.0,0.0,0.0,320.8,219.9,250.9,791.6,2628.8,7.190239557530731e-05,0.006830728147178888
fat_tree_high_betweenness_cut_core_0_pod_1_agg_0_s42,fat_tree,36,96,42,core_0->pod_1_agg_0,high_betweenness,shortest_path_igp_reroute,GCN,e9c2c57b44b82b72076aaaa1f30fbc9a20a316e909a3158b0db01249876d0a49,9fa321fae0ee120b266cf4bf3330173175c35b10,0.021340014412999153,0.03516323119401932,-1219.9691162109375,0.3333333333333333,0.5,0.0,320.8,383.7,122.7,827.2,2628.8,7.190239557530731e-05,0.006830728147178888
fat_tree_high_betweenness_cut_core_0_pod_1_agg_0_s42,fat_tree,36,96,42,core_0->pod_1_agg_0,high_betweenness,shortest_path_igp_reroute,GraphSAGE,adec134de00bd16b70ff7568cde3c60192fef8c1fd3a09e2d110ece92259dae4,9fa321fae0ee120b266cf4bf3330173175c35b10,0.13896192610263824,0.20103849470615387,-39909.35546875,0.0,0.0,0.0,320.8,287.6,110.4,718.8000000000001,2628.8,7.190239557530731e-05,0.006830728147178888
fat_tree_high_betweenness_cut_core_2_pod_2_agg_1_s42,fat_tree,36,96,42,core_2->pod_2_agg_1,high_betweenness,shortest_path_igp_reroute,Edge-Only MLP,66446d049aba4865dccb8c7c1810b5427a20430f4ee1c4a6b8a684fbdecc3336,9fa321fae0ee120b266cf4bf3330173175c35b10,0.004176745191216469,0.005737147759646177,-358.7505798339844,0.0,0.0,0.0,266.3,109.8,157.3,533.4000000000001,2444.4,1.793850060494151e-05,0.0017041575629264116
fat_tree_high_betweenness_cut_core_2_pod_2_agg_1_s42,fat_tree,36,96,42,core_2->pod_2_agg_1,high_betweenness,shortest_path_igp_reroute,GCN,e9c2c57b44b82b72076aaaa1f30fbc9a20a316e909a3158b0db01249876d0a49,9fa321fae0ee120b266cf4bf3330173175c35b10,0.021393612027168274,0.03524261340498924,-13574.1796875,0.0,0.0,0.0,266.3,304.8,107.5,678.6,2444.4,1.793850060494151e-05,0.0017041575629264116
fat_tree_high_betweenness_cut_core_2_pod_2_agg_1_s42,fat_tree,36,96,42,core_2->pod_2_agg_1,high_betweenness,shortest_path_igp_reroute,GraphSAGE,adec134de00bd16b70ff7568cde3c60192fef8c1fd3a09e2d110ece92259dae4,9fa321fae0ee120b266cf4bf3330173175c35b10,0.1390152871608734,0.20112812519073486,-442134.1875,0.0,0.0,0.0,266.3,262.7,102.6,631.6,2444.4,1.793850060494151e-05,0.0017041575629264116
fat_tree_medium_betweenness_cut_pod_2_agg_0_pod_2_edge_0_s42,fat_tree,36,96,42,pod_2_agg_0->pod_2_edge_0,medium_betweenness,shortest_path_igp_reroute,Edge-Only MLP,66446d049aba4865dccb8c7c1810b5427a20430f4ee1c4a6b8a684fbdecc3336,9fa321fae0ee120b266cf4bf3330173175c35b10,0.004509999882429838,0.005963469855487347,-14.048975944519043,0.0,0.0,0.0,258.8,103.8,127.8,490.40000000000003,2419.0,0.00012529852392617613,0.011903359554708004
fat_tree_medium_betweenness_cut_pod_2_agg_0_pod_2_edge_0_s42,fat_tree,36,96,42,pod_2_agg_0->pod_2_edge_0,medium_betweenness,shortest_path_igp_reroute,GCN,e9c2c57b44b82b72076aaaa1f30fbc9a20a316e909a3158b0db01249876d0a49,9fa321fae0ee120b266cf4bf3330173175c35b10,0.02227689139544964,0.0358428917825222,-542.64453125,0.0,0.0,0.0,258.8,294.6,109.8,663.2,2419.0,0.00012529852392617613,0.011903359554708004
fat_tree_medium_betweenness_cut_pod_2_agg_0_pod_2_edge_0_s42,fat_tree,36,96,42,pod_2_agg_0->pod_2_edge_0,medium_betweenness,shortest_path_igp_reroute,GraphSAGE,adec134de00bd16b70ff7568cde3c60192fef8c1fd3a09e2d110ece92259dae4,9fa321fae0ee120b266cf4bf3330173175c35b10,0.14179126918315887,0.20409657061100006,-17626.078125,0.0,0.0,0.0,258.8,256.0,101.6,616.4,2419.0,0.00012529852392617613,0.011903359554708004
fat_tree_low_betweenness_cut_pod_2_host_0_0_pod_2_edge_0_s42,fat_tree,36,96,42,pod_2_host_0_0->pod_2_edge_0,low_betweenness,shortest_path_igp_reroute,Edge-Only MLP,66446d049aba4865dccb8c7c1810b5427a20430f4ee1c4a6b8a684fbdecc3336,9fa321fae0ee120b266cf4bf3330173175c35b10,0.005121860187500715,0.007975663989782333,-1.384687900543213,0.3333333333333333,0.25,0.0,281.8,127.3,147.1,556.2,2326.3,-0.0009139126050285995,0.0
fat_tree_low_betweenness_cut_pod_2_host_0_0_pod_2_edge_0_s42,fat_tree,36,96,42,pod_2_host_0_0->pod_2_edge_0,low_betweenness,shortest_path_igp_reroute,GCN,e9c2c57b44b82b72076aaaa1f30fbc9a20a316e909a3158b0db01249876d0a49,9fa321fae0ee120b266cf4bf3330173175c35b10,0.022783618420362473,0.03615442290902138,-48.00277328491211,0.0,0.0,0.0,281.8,321.0,112.4,715.1999999999999,2326.3,-0.0009139126050285995,0.0
fat_tree_low_betweenness_cut_pod_2_host_0_0_pod_2_edge_0_s42,fat_tree,36,96,42,pod_2_host_0_0->pod_2_edge_0,low_betweenness,shortest_path_igp_reroute,GraphSAGE,adec134de00bd16b70ff7568cde3c60192fef8c1fd3a09e2d110ece92259dae4,9fa321fae0ee120b266cf4bf3330173175c35b10,0.14347785711288452,0.2044399231672287,-1565.8565673828125,0.0,0.0,0.0,281.8,274.7,107.7,664.2,2326.3,-0.0009139126050285995,0.0
fat_tree_bridge_or_critical_cut_pod_3_host_0_1_pod_3_edge_0_s42,fat_tree,36,96,42,pod_3_host_0_1->pod_3_edge_0,bridge_or_critical,shortest_path_igp_reroute,Edge-Only MLP,66446d049aba4865dccb8c7c1810b5427a20430f4ee1c4a6b8a684fbdecc3336,9fa321fae0ee120b266cf4bf3330173175c35b10,0.004453768488019705,0.006105344742536545,-10.531128883361816,0.3333333333333333,0.25,0.0,324.6,103.5,140.6,568.7,2269.3,-0.00023002499074209481,0.0
fat_tree_bridge_or_critical_cut_pod_3_host_0_1_pod_3_edge_0_s42,fat_tree,36,96,42,pod_3_host_0_1->pod_3_edge_0,bridge_or_critical,shortest_path_igp_reroute,GCN,e9c2c57b44b82b72076aaaa1f30fbc9a20a316e909a3158b0db01249876d0a49,9fa321fae0ee120b266cf4bf3330173175c35b10,0.022172704339027405,0.035857249051332474,-396.7455749511719,0.0,0.0,0.0,324.6,305.4,111.2,741.2,2269.3,-0.00023002499074209481,0.0
fat_tree_bridge_or_critical_cut_pod_3_host_0_1_pod_3_edge_0_s42,fat_tree,36,96,42,pod_3_host_0_1->pod_3_edge_0,bridge_or_critical,shortest_path_igp_reroute,GraphSAGE,adec134de00bd16b70ff7568cde3c60192fef8c1fd3a09e2d110ece92259dae4,9fa321fae0ee120b266cf4bf3330173175c35b10,0.14278633892536163,0.20430830121040344,-12911.890625,0.0,0.0,0.0,324.6,270.4,106.0,701.0,2269.3,-0.00023002499074209481,0.0
fat_tree_high_betweenness_cut_core_2_pod_1_agg_1_s43,fat_tree,36,96,43,core_2->pod_1_agg_1,high_betweenness,shortest_path_igp_reroute,Edge-Only MLP,66446d049aba4865dccb8c7c1810b5427a20430f4ee1c4a6b8a684fbdecc3336,9fa321fae0ee120b266cf4bf3330173175c35b10,0.0041660768911242485,0.005712039303034544,-2249.301513671875,0.0,0.0,0.0,263.3,129.0,163.9,556.2,2287.4,7.119170732039493e-06,0.0006763212149962783
fat_tree_high_betweenness_cut_core_2_pod_1_agg_1_s43,fat_tree,36,96,43,core_2->pod_1_agg_1,high_betweenness,shortest_path_igp_reroute,GCN,e9c2c57b44b82b72076aaaa1f30fbc9a20a316e909a3158b0db01249876d0a49,9fa321fae0ee120b266cf4bf3330173175c35b10,0.021407727152109146,0.035257864743471146,-85736.3984375,0.0,0.0,0.0,263.3,300.0,110.9,674.1999999999999,2287.4,7.119170732039493e-06,0.0006763212149962783
fat_tree_high_betweenness_cut_core_2_pod_1_agg_1_s43,fat_tree,36,96,43,core_2->pod_1_agg_1,high_betweenness,shortest_path_igp_reroute,GraphSAGE,adec134de00bd16b70ff7568cde3c60192fef8c1fd3a09e2d110ece92259dae4,9fa321fae0ee120b266cf4bf3330173175c35b10,0.13901974260807037,0.2011435478925705,-2790425.5,0.3333333333333333,0.25,0.0,263.3,261.8,102.8,627.9,2287.4,7.119170732039493e-06,0.0006763212149962783
fat_tree_high_betweenness_cut_core_1_pod_2_agg_0_s43,fat_tree,36,96,43,core_1->pod_2_agg_0,high_betweenness,shortest_path_igp_reroute,Edge-Only MLP,66446d049aba4865dccb8c7c1810b5427a20430f4ee1c4a6b8a684fbdecc3336,9fa321fae0ee120b266cf4bf3330173175c35b10,0.0041589559987187386,0.005698616150766611,-308504.15625,0.0,0.0,0.0,229.1,125.5,142.9,497.5,2491.3,0.0,0.0
fat_tree_high_betweenness_cut_core_1_pod_2_agg_0_s43,fat_tree,36,96,43,core_1->pod_2_agg_0,high_betweenness,shortest_path_igp_reroute,GCN,e9c2c57b44b82b72076aaaa1f30fbc9a20a316e909a3158b0db01249876d0a49,9fa321fae0ee120b266cf4bf3330173175c35b10,0.021414799615740776,0.0352698415517807,-11817635.0,0.0,0.0,0.0,229.1,262.6,106.9,598.6,2491.3,0.0,0.0
fat_tree_high_betweenness_cut_core_1_pod_2_agg_0_s43,fat_tree,36,96,43,core_1->pod_2_agg_0,high_betweenness,shortest_path_igp_reroute,GraphSAGE,adec134de00bd16b70ff7568cde3c60192fef8c1fd3a09e2d110ece92259dae4,9fa321fae0ee120b266cf4bf3330173175c35b10,0.13902677595615387,0.2011556476354599,-384404128.0,0.0,0.0,0.0,229.1,244.7,88.4,562.1999999999999,2491.3,0.0,0.0
fat_tree_medium_betweenness_cut_pod_0_edge_1_pod_0_agg_1_s43,fat_tree,36,96,43,pod_0_edge_1->pod_0_agg_1,medium_betweenness,shortest_path_igp_reroute,Edge-Only MLP,66446d049aba4865dccb8c7c1810b5427a20430f4ee1c4a6b8a684fbdecc3336,9fa321fae0ee120b266cf4bf3330173175c35b10,0.004249921999871731,0.0057844845578074455,-317871.46875,0.0,0.0,0.0,197.9,90.3,111.9,400.1,1790.8,0.0,0.0
fat_tree_medium_betweenness_cut_pod_0_edge_1_pod_0_agg_1_s43,fat_tree,36,96,43,pod_0_edge_1->pod_0_agg_1,medium_betweenness,shortest_path_igp_reroute,GCN,e9c2c57b44b82b72076aaaa1f30fbc9a20a316e909a3158b0db01249876d0a49,9fa321fae0ee120b266cf4bf3330173175c35b10,0.022043589502573013,0.03581582009792328,-12186344.0,0.0,0.0,0.0,197.9,248.4,92.8,539.1,1790.8,0.0,0.0
fat_tree_medium_betweenness_cut_pod_0_edge_1_pod_0_agg_1_s43,fat_tree,36,96,43,pod_0_edge_1->pod_0_agg_1,medium_betweenness,shortest_path_igp_reroute,GraphSAGE,adec134de00bd16b70ff7568cde3c60192fef8c1fd3a09e2d110ece92259dae4,9fa321fae0ee120b266cf4bf3330173175c35b10,0.14197379350662231,0.20415401458740234,-395949184.0,0.0,0.0,0.0,197.9,214.4,84.0,496.3,1790.8,0.0,0.0
fat_tree_low_betweenness_cut_pod_2_edge_1_pod_2_host_1_1_s43,fat_tree,36,96,43,pod_2_edge_1->pod_2_host_1_1,low_betweenness,shortest_path_igp_reroute,Edge-Only MLP,66446d049aba4865dccb8c7c1810b5427a20430f4ee1c4a6b8a684fbdecc3336,9fa321fae0ee120b266cf4bf3330173175c35b10,0.004242244642227888,0.00578254135325551,-317657.9375,0.0,0.0,0.0,196.6,87.3,109.6,393.5,1803.2,0.0,0.0
fat_tree_low_betweenness_cut_pod_2_edge_1_pod_2_host_1_1_s43,fat_tree,36,96,43,pod_2_edge_1->pod_2_host_1_1,low_betweenness,shortest_path_igp_reroute,GCN,e9c2c57b44b82b72076aaaa1f30fbc9a20a316e909a3158b0db01249876d0a49,9fa321fae0ee120b266cf4bf3330173175c35b10,0.02203265205025673,0.03581535816192627,-12186027.0,0.0,0.0,0.0,196.6,246.0,96.1,538.7,1803.2,0.0,0.0
fat_tree_low_betweenness_cut_pod_2_edge_1_pod_2_host_1_1_s43,fat_tree,36,96,43,pod_2_edge_1->pod_2_host_1_1,low_betweenness,shortest_path_igp_reroute,GraphSAGE,adec134de00bd16b70ff7568cde3c60192fef8c1fd3a09e2d110ece92259dae4,9fa321fae0ee120b266cf4bf3330173175c35b10,0.14257951080799103,0.20426508784294128,-396380160.0,0.0,0.0,0.0,196.6,244.9,93.3,534.8,1803.2,0.0,0.0
fat_tree_bridge_or_critical_cut_pod_0_edge_0_pod_0_host_0_0_s43,fat_tree,36,96,43,pod_0_edge_0->pod_0_host_0_0,bridge_or_critical,shortest_path_igp_reroute,Edge-Only MLP,66446d049aba4865dccb8c7c1810b5427a20430f4ee1c4a6b8a684fbdecc3336,9fa321fae0ee120b266cf4bf3330173175c35b10,0.005449332762509584,0.008886335417628288,-0.9594868421554565,0.0,0.25,0.0,466.2,90.2,111.9,668.3,1816.7,-0.0012727692956104875,0.0
fat_tree_bridge_or_critical_cut_pod_0_edge_0_pod_0_host_0_0_s43,fat_tree,36,96,43,pod_0_edge_0->pod_0_host_0_0,bridge_or_critical,shortest_path_igp_reroute,GCN,e9c2c57b44b82b72076aaaa1f30fbc9a20a316e909a3158b0db01249876d0a49,9fa321fae0ee120b266cf4bf3330173175c35b10,0.02309570088982582,0.036362890154123306,-31.810569763183594,0.0,0.0,0.0,466.2,244.8,90.9,801.9,1816.7,-0.0012727692956104875,0.0
fat_tree_bridge_or_critical_cut_pod_0_edge_0_pod_0_host_0_0_s43,fat_tree,36,96,43,pod_0_edge_0->pod_0_host_0_0,bridge_or_critical,shortest_path_igp_reroute,GraphSAGE,adec134de00bd16b70ff7568cde3c60192fef8c1fd3a09e2d110ece92259dae4,9fa321fae0ee120b266cf4bf3330173175c35b10,0.14386586844921112,0.20452216267585754,-1036.953125,0.0,0.0,0.0,466.2,212.9,83.8,762.9,1816.7,-0.0012727692956104875,0.0
scale_free_high_betweenness_cut_6_1_s42,scale_free,50,192,42,6->1,high_betweenness,shortest_path_igp_reroute,Edge-Only MLP,66446d049aba4865dccb8c7c1810b5427a20430f4ee1c4a6b8a684fbdecc3336,9fa321fae0ee120b266cf4bf3330173175c35b10,0.01159717421978712,0.05975814163684845,-0.019636034965515137,0.0,0.0,1.0,358.5,173.4,203.6,735.5,3108.8,0.008480619639158249,0.5823983550071716
scale_free_high_betweenness_cut_6_1_s42,scale_free,50,192,42,6->1,high_betweenness,shortest_path_igp_reroute,GCN,e9c2c57b44b82b72076aaaa1f30fbc9a20a316e909a3158b0db01249876d0a49,9fa321fae0ee120b266cf4bf3330173175c35b10,0.012717261910438538,0.061028070747852325,-0.06343352794647217,0.0,0.0,1.0,358.5,402.6,136.8,897.9000000000001,3108.8,0.008480619639158249,0.5823983550071716
scale_free_high_betweenness_cut_6_1_s42,scale_free,50,192,42,6->1,high_betweenness,shortest_path_igp_reroute,GraphSAGE,adec134de00bd16b70ff7568cde3c60192fef8c1fd3a09e2d110ece92259dae4,9fa321fae0ee120b266cf4bf3330173175c35b10,0.014546881429851055,0.061332136392593384,-0.07405674457550049,0.0,0.0,1.0,358.5,285.4,119.4,763.3,3108.8,0.008480619639158249,0.5823983550071716
scale_free_high_betweenness_cut_44_0_s42,scale_free,50,192,42,44->0,high_betweenness,shortest_path_igp_reroute,Edge-Only MLP,66446d049aba4865dccb8c7c1810b5427a20430f4ee1c4a6b8a684fbdecc3336,9fa321fae0ee120b266cf4bf3330173175c35b10,0.0025246036238968372,0.003918641712516546,-0.5710642337799072,0.0,0.1111111111111111,0.0,455.2,144.7,188.1,788.0,2952.8,0.0003045985649805516,0.03062017261981964
scale_free_high_betweenness_cut_44_0_s42,scale_free,50,192,42,44->0,high_betweenness,shortest_path_igp_reroute,GCN,e9c2c57b44b82b72076aaaa1f30fbc9a20a316e909a3158b0db01249876d0a49,9fa321fae0ee120b266cf4bf3330173175c35b10,0.0035672790836542845,0.006915568839758635,-3.893038272857666,0.0,0.0,0.0,455.2,347.1,153.2,955.5,2952.8,0.0003045985649805516,0.03062017261981964
scale_free_high_betweenness_cut_44_0_s42,scale_free,50,192,42,44->0,high_betweenness,shortest_path_igp_reroute,GraphSAGE,adec134de00bd16b70ff7568cde3c60192fef8c1fd3a09e2d110ece92259dae4,9fa321fae0ee120b266cf4bf3330173175c35b10,0.005375932436436415,0.009137043729424477,-7.541500091552734,0.0,0.2222222222222222,0.0,455.2,317.4,129.9,902.4999999999999,2952.8,0.0003045985649805516,0.03062017261981964
scale_free_medium_betweenness_cut_0_36_s42,scale_free,50,192,42,0->36,medium_betweenness,shortest_path_igp_reroute,Edge-Only MLP,66446d049aba4865dccb8c7c1810b5427a20430f4ee1c4a6b8a684fbdecc3336,9fa321fae0ee120b266cf4bf3330173175c35b10,0.0022074824664741755,0.0025459397584199905,-123801.546875,0.0,0.1111111111111111,0.0,494.6,158.6,147.1,800.3000000000001,3677.1,0.0,0.0
scale_free_medium_betweenness_cut_0_36_s42,scale_free,50,192,42,0->36,medium_betweenness,shortest_path_igp_reroute,GCN,e9c2c57b44b82b72076aaaa1f30fbc9a20a316e909a3158b0db01249876d0a49,9fa321fae0ee120b266cf4bf3330173175c35b10,0.0032557635568082333,0.006254195235669613,-747094.6875,0.0,0.0,0.0,494.6,311.3,112.3,918.2,3677.1,0.0,0.0
scale_free_medium_betweenness_cut_0_36_s42,scale_free,50,192,42,0->36,medium_betweenness,shortest_path_igp_reroute,GraphSAGE,adec134de00bd16b70ff7568cde3c60192fef8c1fd3a09e2d110ece92259dae4,9fa321fae0ee120b266cf4bf3330173175c35b10,0.005112910643219948,0.008717886172235012,-1451628.625,0.0,0.2222222222222222,0.0,494.6,306.3,111.7,912.6000000000001,3677.1,0.0,0.0
scale_free_low_betweenness_cut_13_40_s42,scale_free,50,192,42,13->40,low_betweenness,shortest_path_igp_reroute,Edge-Only MLP,66446d049aba4865dccb8c7c1810b5427a20430f4ee1c4a6b8a684fbdecc3336,9fa321fae0ee120b266cf4bf3330173175c35b10,0.00474204495549202,0.023854518309235573,-0.017078518867492676,0.0,0.1111111111111111,0.0,458.6,154.9,193.4,806.9,3363.2,0.002316724509000778,0.231672465801239
scale_free_low_betweenness_cut_13_40_s42,scale_free,50,192,42,13->40,low_betweenness,shortest_path_igp_reroute,GCN,e9c2c57b44b82b72076aaaa1f30fbc9a20a316e909a3158b0db01249876d0a49,9fa321fae0ee120b266cf4bf3330173175c35b10,0.005824006628245115,0.02526717446744442,-0.141107439994812,0.0,0.0,0.0,458.6,339.1,116.6,914.3000000000001,3363.2,0.002316724509000778,0.231672465801239
scale_free_low_betweenness_cut_13_40_s42,scale_free,50,192,42,13->40,low_betweenness,shortest_path_igp_reroute,GraphSAGE,adec134de00bd16b70ff7568cde3c60192fef8c1fd3a09e2d110ece92259dae4,9fa321fae0ee120b266cf4bf3330173175c35b10,0.007662197574973106,0.026069175451993942,-0.21469652652740479,0.0,0.2222222222222222,0.0,458.6,266.5,105.8,830.9,3363.2,0.002316724509000778,0.231672465801239
scale_free_bridge_or_critical_cut_0_10_s42,scale_free,50,192,42,0->10,bridge_or_critical,shortest_path_igp_reroute,Edge-Only MLP,66446d049aba4865dccb8c7c1810b5427a20430f4ee1c4a6b8a684fbdecc3336,9fa321fae0ee120b266cf4bf3330173175c35b10,0.0022074978332966566,0.0025459658354520798,-123804.0859375,0.0,0.1111111111111111,0.0,391.0,130.1,169.8,690.9000000000001,2969.7,0.0,0.0
scale_free_bridge_or_critical_cut_0_10_s42,scale_free,50,192,42,0->10,bridge_or_critical,shortest_path_igp_reroute,GCN,e9c2c57b44b82b72076aaaa1f30fbc9a20a316e909a3158b0db01249876d0a49,9fa321fae0ee120b266cf4bf3330173175c35b10,0.0032530075404793024,0.006251637823879719,-746483.875,0.0,0.0,0.0,391.0,292.4,113.7,797.1,2969.7,0.0,0.0
scale_free_bridge_or_critical_cut_0_10_s42,scale_free,50,192,42,0->10,bridge_or_critical,shortest_path_igp_reroute,GraphSAGE,adec134de00bd16b70ff7568cde3c60192fef8c1fd3a09e2d110ece92259dae4,9fa321fae0ee120b266cf4bf3330173175c35b10,0.005112542305141687,0.008717573247849941,-1451524.25,0.0,0.2222222222222222,0.0,391.0,254.8,103.0,748.8,2969.7,0.0,0.0
scale_free_high_betweenness_cut_4_5_s43,scale_free,50,192,43,4->5,high_betweenness,shortest_path_igp_reroute,Edge-Only MLP,66446d049aba4865dccb8c7c1810b5427a20430f4ee1c4a6b8a684fbdecc3336,9fa321fae0ee120b266cf4bf3330173175c35b10,0.01848551444709301,0.1222783699631691,0.0069653987884521484,0.0,0.0,1.0,454.6,149.6,189.7,793.9000000000001,3806.2,0.0005555723328143358,1.138024926185608
scale_free_high_betweenness_cut_4_5_s43,scale_free,50,192,43,4->5,high_betweenness,shortest_path_igp_reroute,GCN,e9c2c57b44b82b72076aaaa1f30fbc9a20a316e909a3158b0db01249876d0a49,9fa321fae0ee120b266cf4bf3330173175c35b10,0.018674522638320923,0.1204286515712738,0.03678172826766968,0.0,0.1111111111111111,1.0,454.6,364.4,164.5,983.5,3806.2,0.0005555723328143358,1.138024926185608
scale_free_high_betweenness_cut_4_5_s43,scale_free,50,192,43,4->5,high_betweenness,shortest_path_igp_reroute,GraphSAGE,adec134de00bd16b70ff7568cde3c60192fef8c1fd3a09e2d110ece92259dae4,9fa321fae0ee120b266cf4bf3330173175c35b10,0.020404260605573654,0.12023420631885529,0.03988969326019287,0.0,0.1111111111111111,1.0,454.6,329.8,143.3,927.7,3806.2,0.0005555723328143358,1.138024926185608
scale_free_high_betweenness_cut_13_0_s43,scale_free,50,192,43,13->0,high_betweenness,shortest_path_igp_reroute,Edge-Only MLP,66446d049aba4865dccb8c7c1810b5427a20430f4ee1c4a6b8a684fbdecc3336,9fa321fae0ee120b266cf4bf3330173175c35b10,0.002196328481659293,0.0025191535241901875,-121210.171875,0.0,0.0,0.0,508.0,128.7,168.5,805.2,3652.2,0.0,0.0
scale_free_high_betweenness_cut_13_0_s43,scale_free,50,192,43,13->0,high_betweenness,shortest_path_igp_reroute,GCN,e9c2c57b44b82b72076aaaa1f30fbc9a20a316e909a3158b0db01249876d0a49,9fa321fae0ee120b266cf4bf3330173175c35b10,0.0030385414138436317,0.005546844098716974,-587657.875,0.0,0.1111111111111111,0.0,508.0,335.0,128.9,971.9,3652.2,0.0,0.0
scale_free_high_betweenness_cut_13_0_s43,scale_free,50,192,43,13->0,high_betweenness,shortest_path_igp_reroute,GraphSAGE,adec134de00bd16b70ff7568cde3c60192fef8c1fd3a09e2d110ece92259dae4,9fa321fae0ee120b266cf4bf3330173175c35b10,0.004897839855402708,0.00700240908190608,-936543.3125,0.0,0.1111111111111111,0.0,508.0,302.5,145.4,955.9,3652.2,0.0,0.0
scale_free_medium_betweenness_cut_0_11_s43,scale_free,50,192,43,0->11,medium_betweenness,shortest_path_igp_reroute,Edge-Only MLP,66446d049aba4865dccb8c7c1810b5427a20430f4ee1c4a6b8a684fbdecc3336,9fa321fae0ee120b266cf4bf3330173175c35b10,0.002179547445848584,0.002501128241419792,-119481.7734375,0.0,0.0,0.0,500.9,127.0,166.9,794.8,3626.4,0.0,0.0
scale_free_medium_betweenness_cut_0_11_s43,scale_free,50,192,43,0->11,medium_betweenness,shortest_path_igp_reroute,GCN,e9c2c57b44b82b72076aaaa1f30fbc9a20a316e909a3158b0db01249876d0a49,9fa321fae0ee120b266cf4bf3330173175c35b10,0.0030219308100640774,0.005536473356187344,-585462.4375,0.0,0.1111111111111111,0.0,500.9,333.3,130.0,964.2,3626.4,0.0,0.0
scale_free_medium_betweenness_cut_0_11_s43,scale_free,50,192,43,0->11,medium_betweenness,shortest_path_igp_reroute,GraphSAGE,adec134de00bd16b70ff7568cde3c60192fef8c1fd3a09e2d110ece92259dae4,9fa321fae0ee120b266cf4bf3330173175c35b10,0.0048886872828006744,0.006994898431003094,-934535.3125,0.0,0.1111111111111111,0.0,500.9,301.5,126.2,928.6,3626.4,0.0,0.0
scale_free_low_betweenness_cut_47_15_s43,scale_free,50,192,43,47->15,low_betweenness,shortest_path_igp_reroute,Edge-Only MLP,66446d049aba4865dccb8c7c1810b5427a20430f4ee1c4a6b8a684fbdecc3336,9fa321fae0ee120b266cf4bf3330173175c35b10,0.002196311252191663,0.0025191460736095905,-121209.4609375,0.0,0.0,0.0,511.0,168.5,197.2,876.7,3664.2,0.0,0.0
scale_free_low_betweenness_cut_47_15_s43,scale_free,50,192,43,47->15,low_betweenness,shortest_path_igp_reroute,GCN,e9c2c57b44b82b72076aaaa1f30fbc9a20a316e909a3158b0db01249876d0a49,9fa321fae0ee120b266cf4bf3330173175c35b10,0.0030451102647930384,0.0055483197793364525,-587970.625,0.0,0.1111111111111111,0.0,511.0,379.2,133.8,1024.0,3664.2,0.0,0.0
scale_free_low_betweenness_cut_47_15_s43,scale_free,50,192,43,47->15,low_betweenness,shortest_path_igp_reroute,GraphSAGE,adec134de00bd16b70ff7568cde3c60192fef8c1fd3a09e2d110ece92259dae4,9fa321fae0ee120b266cf4bf3330173175c35b10,0.004909825976938009,0.007008700631558895,-938226.9375,0.0,0.1111111111111111,0.0,511.0,302.2,122.8,936.0,3664.2,0.0,0.0
scale_free_bridge_or_critical_cut_0_10_s43,scale_free,50,192,43,0->10,bridge_or_critical,shortest_path_igp_reroute,Edge-Only MLP,66446d049aba4865dccb8c7c1810b5427a20430f4ee1c4a6b8a684fbdecc3336,9fa321fae0ee120b266cf4bf3330173175c35b10,0.002179264323785901,0.0025006383657455444,-119434.9765625,0.0,0.0,0.0,520.1,174.8,201.0,895.9000000000001,3542.9,0.0,0.0
scale_free_bridge_or_critical_cut_0_10_s43,scale_free,50,192,43,0->10,bridge_or_critical,shortest_path_igp_reroute,GCN,e9c2c57b44b82b72076aaaa1f30fbc9a20a316e909a3158b0db01249876d0a49,9fa321fae0ee120b266cf4bf3330173175c35b10,0.003016598289832473,0.005531120114028454,-584330.875,0.0,0.1111111111111111,0.0,520.1,394.1,141.9,1056.1000000000001,3542.9,0.0,0.0
scale_free_bridge_or_critical_cut_0_10_s43,scale_free,50,192,43,0->10,bridge_or_critical,shortest_path_igp_reroute,GraphSAGE,adec134de00bd16b70ff7568cde3c60192fef8c1fd3a09e2d110ece92259dae4,9fa321fae0ee120b266cf4bf3330173175c35b10,0.004884474910795689,0.006990697234869003,-933413.125,0.0,0.1111111111111111,0.0,520.1,315.6,123.3,959.0,3542.9,0.0,0.0
